1,0,中国,,,
2,1,海南,,,
3,2,白沙黎族自治县,,,
4,3,白沙黎族自治县,,,
5,2,昌江黎族自治县,,,
6,5,昌江黎族自治县,,,
7,2,乐东黎族自治县,,,
8,7,乐东黎族自治县,,,
9,2,陵水黎族自治县,,,
10,9,陵水黎族自治县,,,
11,2,保亭黎族苗族自治县,,,
12,11,保亭黎族苗族自治县,,,
13,2,琼中黎族苗族自治县,,,
14,13,琼中黎族苗族自治县,,,
15,2,西沙群岛,,,
16,15,西沙群岛,,,
17,2,南沙群岛,,,
18,17,南沙群岛,,,
19,2,中沙群岛的岛礁及其海域,,,
20,19,中沙群岛的岛礁及其海域,,,
21,2,海口市,,,
22,21,秀英区,,,
23,21,龙华区,,,
24,21,琼山区,,,
25,21,美兰区,,,
26,2,三亚市,,,
27,26,三亚市,,,
28,2,五指山市,,,
29,28,五指山市,,,
30,2,儋州市,,,
31,30,儋州市,,,
32,2,文昌市,,,
33,32,文昌市,,,
34,2,万宁市,,,
35,34,万宁市,,,
36,2,东方市,,,
37,36,东方市,,,
38,2,定安县,,,
39,38,定安县,,,
40,2,屯昌县,,,
41,40,屯昌县,,,
42,2,澄迈县,,,
43,42,澄迈县,,,
44,2,临高县,,,
45,44,临高县,,,
46,1,贵州,,,
47,46,贵阳市,,,
48,47,南明区,,,
49,47,云岩区,,,
50,47,花溪区,,,
51,47,乌当区,,,
52,47,白云区,,,
53,47,小河区,,,
54,47,开阳县,,,
55,47,息烽县,,,
56,47,修文县,,,
57,47,清镇市,,,
58,46,六盘水市,,,
59,58,钟山区,,,
60,58,六枝特区,,,
61,58,水城县,,,
62,58,盘县,,,
63,46,遵义市,,,
64,63,红花岗区,,,
65,63,汇川区,,,
66,63,遵义县,,,
67,63,桐梓县,,,
68,63,绥阳县,,,
69,63,正安县,,,
70,63,道真仡佬族苗族自治县,,,
71,63,务川仡佬族苗族自治县,,,
72,63,凤冈县,,,
73,63,湄潭县,,,
74,63,余庆县,,,
75,63,习水县,,,
76,63,赤水市,,,
77,63,仁怀市,,,
78,46,安顺市,,,
79,78,西秀区,,,
80,78,平坝县,,,
81,78,普定县,,,
82,78,镇宁布依族苗族自治县,,,
83,78,关岭布依族苗族自治县,,,
84,78,紫云苗族布依族自治县,,,
85,46,铜仁地区,,,
86,85,铜仁市,,,
87,85,江口县,,,
88,85,玉屏侗族自治县,,,
89,85,石阡县,,,
90,85,思南县,,,
91,85,印江土家族苗族自治县,,,
92,85,德江县,,,
93,85,沿河土家族自治县,,,
94,85,松桃苗族自治县,,,
95,85,万山特区,,,
96,46,黔西南布依族苗族自治州,,,
97,96,兴义市,,,
98,96,兴仁县,,,
99,96,普安县,,,
100,96,晴隆县,,,
101,96,贞丰县,,,
102,96,望谟县,,,
103,96,册亨县,,,
104,96,安龙县,,,
105,46,毕节地区,,,
106,105,毕节市,,,
107,105,大方县,,,
108,105,黔西县,,,
109,105,金沙县,,,
110,105,织金县,,,
111,105,纳雍县,,,
112,105,威宁彝族回族苗族自治县,,,
113,105,赫章县,,,
114,46,黔东南苗族侗族自治州,,,
115,114,凯里市,,,
116,114,黄平县,,,
117,114,施秉县,,,
118,114,三穗县,,,
119,114,镇远县,,,
120,114,岑巩县,,,
121,114,天柱县,,,
122,114,锦屏县,,,
123,114,剑河县,,,
124,114,台江县,,,
125,114,黎平县,,,
126,114,榕江县,,,
127,114,从江县,,,
128,114,雷山县,,,
129,114,麻江县,,,
130,114,丹寨县,,,
131,46,黔南布依族苗族自治州,,,
132,131,都匀市,,,
133,131,福泉市,,,
134,131,荔波县,,,
135,131,贵定县,,,
136,131,瓮安县,,,
137,131,独山县,,,
138,131,平塘县,,,
139,131,罗甸县,,,
140,131,长顺县,,,
141,131,龙里县,,,
142,131,惠水县,,,
143,131,三都水族自治县,,,
144,1,云南,,,
145,144,西双版纳傣族自治州,,,
146,145,景洪市,,,
147,145,勐海县,,,
148,145,勐腊县,,,
149,144,大理白族自治州,,,
150,149,大理市,,,
151,149,漾濞彝族自治县,,,
152,149,祥云县,,,
153,149,宾川县,,,
154,149,弥渡县,,,
155,149,南涧彝族自治县,,,
156,149,巍山彝族回族自治县,,,
157,149,永平县,,,
158,149,云龙县,,,
159,149,洱源县,,,
160,149,剑川县,,,
161,149,鹤庆县,,,
162,144,德宏傣族景颇族自治州,,,
163,162,瑞丽市,,,
164,162,潞西市,,,
165,162,梁河县,,,
166,162,盈江县,,,
167,162,陇川县,,,
168,144,怒江傈僳族自治州,,,
169,168,泸水县,,,
170,168,福贡县,,,
171,168,贡山独龙族怒族自治县,,,
172,168,兰坪白族普米族自治县,,,
173,144,迪庆藏族自治州,,,
174,173,香格里拉县,,,
175,173,德钦县,,,
176,173,维西傈僳族自治县,,,
177,144,昆明市,,,
178,177,五华区,,,
179,177,盘龙区,,,
180,177,官渡区,,,
181,177,西山区,,,
182,177,东川区,,,
183,177,呈贡县,,,
184,177,晋宁县,,,
185,177,富民县,,,
186,177,宜良县,,,
187,177,石林彝族自治县,,,
188,177,嵩明县,,,
189,177,禄劝彝族苗族自治县,,,
190,177,寻甸回族彝族自治县,,,
191,177,安宁市,,,
192,144,曲靖市,,,
193,192,麒麟区,,,
194,192,马龙县,,,
195,192,陆良县,,,
196,192,师宗县,,,
197,192,罗平县,,,
198,192,富源县,,,
199,192,会泽县,,,
200,192,沾益县,,,
201,192,宣威市,,,
202,144,玉溪市,,,
203,202,红塔区,,,
204,202,江川县,,,
205,202,澄江县,,,
206,202,通海县,,,
207,202,华宁县,,,
208,202,易门县,,,
209,202,峨山彝族自治县,,,
210,202,新平彝族傣族自治县,,,
211,202,元江哈尼族彝族傣族自治县,,,
212,144,保山市,,,
213,212,隆阳区,,,
214,212,施甸县,,,
215,212,腾冲县,,,
216,212,龙陵县,,,
217,212,昌宁县,,,
218,144,昭通市,,,
219,218,昭阳区,,,
220,218,鲁甸县,,,
221,218,巧家县,,,
222,218,盐津县,,,
223,218,大关县,,,
224,218,永善县,,,
225,218,绥江县,,,
226,218,镇雄县,,,
227,218,彝良县,,,
228,218,威信县,,,
229,218,水富县,,,
230,144,丽江市,,,
231,230,古城区,,,
232,230,玉龙纳西族自治县,,,
233,230,永胜县,,,
234,230,华坪县,,,
235,230,宁蒗彝族自治县,,,
236,144,普洱市,,,
237,236,思茅区,,,
238,236,宁洱哈尼族彝族自治县,,,
239,236,墨江哈尼族自治县,,,
240,236,景东彝族自治县,,,
241,236,景谷傣族彝族自治县,,,
242,236,镇沅彝族哈尼族拉祜族自治县,,,
243,236,江城哈尼族彝族自治县,,,
244,236,孟连傣族拉祜族佤族自治县,,,
245,236,澜沧拉祜族自治县,,,
246,236,西盟佤族自治县,,,
247,144,临沧市,,,
248,247,临翔区,,,
249,247,凤庆县,,,
250,247,云县,,,
251,247,永德县,,,
252,247,镇康县,,,
253,247,双江拉祜族佤族布朗族傣族自治县,,,
254,247,耿马傣族佤族自治县,,,
255,247,沧源佤族自治县,,,
256,144,楚雄彝族自治州,,,
257,256,楚雄市,,,
258,256,双柏县,,,
259,256,牟定县,,,
260,256,南华县,,,
261,256,姚安县,,,
262,256,大姚县,,,
263,256,永仁县,,,
264,256,元谋县,,,
265,256,武定县,,,
266,256,禄丰县,,,
267,144,红河哈尼族彝族自治州,,,
268,267,个旧市,,,
269,267,开远市,,,
270,267,蒙自县,,,
271,267,屏边苗族自治县,,,
272,267,建水县,,,
273,267,石屏县,,,
274,267,弥勒县,,,
275,267,泸西县,,,
276,267,元阳县,,,
277,267,红河县,,,
278,267,金平苗族瑶族傣族自治县,,,
279,267,绿春县,,,
280,267,河口瑶族自治县,,,
281,144,文山壮族苗族自治州,,,
282,281,文山县,,,
283,281,砚山县,,,
284,281,西畴县,,,
285,281,麻栗坡县,,,
286,281,马关县,,,
287,281,丘北县,,,
288,281,广南县,,,
289,281,富宁县,,,
290,1,西藏,,,
291,290,拉萨市,,,
292,291,城关区,,,
293,291,林周县,,,
294,291,当雄县,,,
295,291,尼木县,,,
296,291,曲水县,,,
297,291,堆龙德庆县,,,
298,291,达孜县,,,
299,291,墨竹工卡县,,,
300,290,昌都地区,,,
301,300,昌都县,,,
302,300,江达县,,,
303,300,贡觉县,,,
304,300,类乌齐县,,,
305,300,丁青县,,,
306,300,察雅县,,,
307,300,八宿县,,,
308,300,左贡县,,,
309,300,芒康县,,,
310,300,洛隆县,,,
311,300,边坝县,,,
312,290,山南地区,,,
313,312,乃东县,,,
314,312,扎囊县,,,
315,312,贡嘎县,,,
316,312,桑日县,,,
317,312,琼结县,,,
318,312,曲松县,,,
319,312,措美县,,,
320,312,洛扎县,,,
321,312,加查县,,,
322,312,隆子县,,,
323,312,错那县,,,
324,312,浪卡子县,,,
325,290,日喀则地区,,,
326,325,日喀则市,,,
327,325,南木林县,,,
328,325,江孜县,,,
329,325,定日县,,,
330,325,萨迦县,,,
331,325,拉孜县,,,
332,325,昂仁县,,,
333,325,谢通门县,,,
334,325,白朗县,,,
335,325,仁布县,,,
336,325,康马县,,,
337,325,定结县,,,
338,325,仲巴县,,,
339,325,亚东县,,,
340,325,吉隆县,,,
341,325,聂拉木县,,,
342,325,萨嘎县,,,
343,325,岗巴县,,,
344,290,那曲地区,,,
345,344,那曲县,,,
346,344,嘉黎县,,,
347,344,比如县,,,
348,344,聂荣县,,,
349,344,安多县,,,
350,344,申扎县,,,
351,344,索县,,,
352,344,班戈县,,,
353,344,巴青县,,,
354,344,尼玛县,,,
355,290,阿里地区,,,
356,355,普兰县,,,
357,355,札达县,,,
358,355,噶尔县,,,
359,355,日土县,,,
360,355,革吉县,,,
361,355,改则县,,,
362,355,措勤县,,,
363,290,林芝地区,,,
364,363,林芝县,,,
365,363,工布江达县,,,
366,363,米林县,,,
367,363,墨脱县,,,
368,363,波密县,,,
369,363,察隅县,,,
370,363,朗县,,,
371,1,陕西,,,
372,371,西安市,,,
373,372,新城区,,,
374,372,碑林区,,,
375,372,莲湖区,,,
376,372,灞桥区,,,
377,372,未央区,,,
378,372,雁塔区,,,
379,372,阎良区,,,
380,372,临潼区,,,
381,372,长安区,,,
382,372,蓝田县,,,
383,372,周至县,,,
384,372,户县,,,
385,372,高陵县,,,
386,371,铜川市,,,
387,386,王益区,,,
388,386,印台区,,,
389,386,耀州区,,,
390,386,宜君县,,,
391,371,宝鸡市,,,
392,391,太白县,,,
393,391,凤县,,,
394,391,麟游县,,,
395,391,千阳县,,,
396,391,陇县,,,
397,391,眉县,,,
398,391,扶风县,,,
399,391,岐山县,,,
400,391,凤翔县,,,
401,391,陈仓区,,,
402,391,金台区,,,
403,391,渭滨区,,,
404,371,咸阳市,,,
405,404,秦都区,,,
406,404,杨凌区,,,
407,404,渭城区,,,
408,404,三原县,,,
409,404,泾阳县,,,
410,404,乾县,,,
411,404,礼泉县,,,
412,404,永寿县,,,
413,404,彬县,,,
414,404,长武县,,,
415,404,旬邑县,,,
416,404,淳化县,,,
417,404,武功县,,,
418,404,兴平市,,,
419,371,渭南市,,,
420,419,临渭区,,,
421,419,华县,,,
422,419,潼关县,,,
423,419,大荔县,,,
424,419,合阳县,,,
425,419,澄城县,,,
426,419,蒲城县,,,
427,419,白水县,,,
428,419,富平县,,,
429,419,韩城市,,,
430,419,华阴市,,,
431,371,延安市,,,
432,431,宝塔区,,,
433,431,延长县,,,
434,431,延川县,,,
435,431,子长县,,,
436,431,安塞县,,,
437,431,志丹县,,,
438,431,吴起县,,,
439,431,甘泉县,,,
440,431,富县,,,
441,431,洛川县,,,
442,431,宜川县,,,
443,431,黄龙县,,,
444,431,黄陵县,,,
445,371,汉中市,,,
446,445,汉台区,,,
447,445,南郑县,,,
448,445,城固县,,,
449,445,洋县,,,
450,445,西乡县,,,
451,445,勉县,,,
452,445,宁强县,,,
453,445,略阳县,,,
454,445,镇巴县,,,
455,445,留坝县,,,
456,445,佛坪县,,,
457,371,榆林市,,,
458,457,榆阳区,,,
459,457,神木县,,,
460,457,府谷县,,,
461,457,横山县,,,
462,457,靖边县,,,
463,457,定边县,,,
464,457,绥德县,,,
465,457,米脂县,,,
466,457,佳县,,,
467,457,吴堡县,,,
468,457,清涧县,,,
469,457,子洲县,,,
470,371,安康市,,,
471,470,汉滨区,,,
472,470,汉阴县,,,
473,470,石泉县,,,
474,470,宁陕县,,,
475,470,紫阳县,,,
476,470,岚皋县,,,
477,470,平利县,,,
478,470,镇坪县,,,
479,470,旬阳县,,,
480,470,白河县,,,
481,371,白河县,,,
482,481,商州区,,,
483,481,洛南县,,,
484,481,丹凤县,,,
485,481,商南县,,,
486,481,山阳县,,,
487,481,镇安县,,,
488,481,柞水县,,,
489,1,甘肃,,,
490,489,陇南市,,,
491,490,武都区,,,
492,490,成县,,,
493,490,文县,,,
494,490,宕昌县,,,
495,490,康县,,,
496,490,西和县,,,
497,490,礼县,,,
498,490,徽县,,,
499,490,两当县,,,
500,489,临夏回族自治州,,,
501,500,临夏市,,,
502,500,临夏县,,,
503,500,康乐县,,,
504,500,永靖县,,,
505,500,广河县,,,
506,500,和政县,,,
507,500,东乡族自治县,,,
508,500,积石山保安族东乡族撒拉族自治县,,,
509,489,甘南藏族自治州,,,
510,509,合作市,,,
511,509,临潭县,,,
512,509,卓尼县,,,
513,509,舟曲县,,,
514,509,迭部县,,,
515,509,玛曲县,,,
516,509,碌曲县,,,
517,509,夏河县,,,
518,489,兰州市,,,
519,518,城关区,,,
520,518,七里河区,,,
521,518,西固区,,,
522,518,安宁区,,,
523,518,红古区,,,
524,518,永登县,,,
525,518,皋兰县,,,
526,518,榆中县,,,
527,489,嘉峪关市,,,
528,527,嘉峪关市,,,
529,489,金昌市,,,
530,529,金川区,,,
531,529,永昌县,,,
532,489,白银市,,,
533,532,白银区,,,
534,532,平川区,,,
535,532,靖远县,,,
536,532,会宁县,,,
537,532,景泰县,,,
538,489,天水市,,,
539,538,秦州区,,,
540,538,麦积区,,,
541,538,清水县,,,
542,538,秦安县,,,
543,538,甘谷县,,,
544,538,武山县,,,
545,538,张家川回族自治县,,,
546,489,武威市,,,
547,546,凉州区,,,
548,546,民勤县,,,
549,546,古浪县,,,
550,546,天祝藏族自治县,,,
551,489,张掖市,,,
552,551,甘州区,,,
553,551,肃南裕固族自治县,,,
554,551,民乐县,,,
555,551,临泽县,,,
556,551,高台县,,,
557,551,山丹县,,,
558,489,平凉市,,,
559,558,崆峒区,,,
560,558,泾川县,,,
561,558,灵台县,,,
562,558,崇信县,,,
563,558,华亭县,,,
564,558,庄浪县,,,
565,558,静宁县,,,
566,489,酒泉市,,,
567,566,肃州区,,,
568,566,金塔县,,,
569,566,瓜州县,,,
570,566,肃北蒙古族自治县,,,
571,566,阿克塞哈萨克族自治县,,,
572,566,玉门市,,,
573,566,敦煌市,,,
574,489,庆阳市,,,
575,574,西峰区,,,
576,574,庆城县,,,
577,574,环县,,,
578,574,华池县,,,
579,574,合水县,,,
580,574,正宁县,,,
581,574,宁县,,,
582,574,镇原县,,,
583,489,定西市,,,
584,583,安定区,,,
585,583,通渭县,,,
586,583,陇西县,,,
587,583,渭源县,,,
588,583,临洮县,,,
589,583,漳县,,,
590,583,岷县,,,
591,1,青海,,,
592,591,西宁市,,,
593,592,城东区,,,
594,592,城中区,,,
595,592,城西区,,,
596,592,城北区,,,
597,592,大通回族土族自治县,,,
598,592,湟中县,,,
599,592,湟源县,,,
600,591,海东地区,,,
601,600,平安县,,,
602,600,民和回族土族自治县,,,
603,600,乐都县,,,
604,600,互助土族自治县,,,
605,600,化隆回族自治县,,,
606,600,循化撒拉族自治县,,,
607,591,海北藏族自治州,,,
608,607,门源回族自治县,,,
609,607,祁连县,,,
610,607,海晏县,,,
611,607,刚察县,,,
612,591,黄南藏族自治州,,,
613,612,同仁县,,,
614,612,尖扎县,,,
615,612,泽库县,,,
616,612,河南蒙古族自治县,,,
617,612,海南藏族自治州,,,
618,612,共和县,,,
619,612,同德县,,,
620,612,贵德县,,,
621,612,兴海县,,,
622,612,贵南县,,,
623,591,果洛藏族自治州,,,
624,623,玛沁县,,,
625,623,班玛县,,,
626,623,甘德县,,,
627,623,达日县,,,
628,623,久治县,,,
629,623,玛多县,,,
630,591,玉树藏族自治州,,,
631,630,玉树县,,,
632,630,杂多县,,,
633,630,称多县,,,
634,630,治多县,,,
635,630,囊谦县,,,
636,630,曲麻莱县,,,
637,591,海西蒙古族藏族自治州,,,
638,637,格尔木市,,,
639,637,德令哈市,,,
640,637,乌兰县,,,
641,637,都兰县,,,
642,637,天峻县,,,
643,1,宁夏,,,
644,643,银川市,,,
645,644,兴庆区,,,
646,644,西夏区,,,
647,644,金凤区,,,
648,644,永宁县,,,
649,644,贺兰县,,,
650,644,灵武市,,,
651,643,石嘴山市,,,
652,651,大武口区,,,
653,651,惠农区,,,
654,651,平罗县,,,
655,643,吴忠市,,,
656,655,利通区,,,
657,655,盐池县,,,
658,655,同心县,,,
659,655,青铜峡市,,,
660,643,固原市,,,
661,660,原州区,,,
662,660,西吉县,,,
663,660,隆德县,,,
664,660,泾源县,,,
665,660,彭阳县,,,
666,643,中卫市,,,
667,666,沙坡头区,,,
668,666,中宁县,,,
669,666,海原县,,,
670,1,新疆,,,
671,670,伊犁哈萨克自治州,,,
672,671,伊宁市,,,
673,671,奎屯市,,,
674,671,伊宁县,,,
675,671,察布查尔锡伯自治县,,,
676,671,霍城县,,,
677,671,巩留县,,,
678,671,新源县,,,
679,671,昭苏县,,,
680,671,特克斯县,,,
681,671,尼勒克县,,,
682,670,塔城地区,,,
683,682,塔城市,,,
684,682,乌苏市,,,
685,682,额敏县,,,
686,682,沙湾县,,,
687,682,托里县,,,
688,682,裕民县,,,
689,682,和布克赛尔蒙古自治县,,,
690,670,阿勒泰地区,,,
691,690,阿勒泰市,,,
692,690,布尔津县,,,
693,690,富蕴县,,,
694,690,福海县,,,
695,690,哈巴河县,,,
696,690,青河县,,,
697,690,吉木乃县,,,
698,670,石河子市,,,
699,698,石河子市,,,
700,670,阿拉尔市,,,
701,700,阿拉尔市,,,
702,670,图木舒克市,,,
703,702,图木舒克市,,,
704,670,五家渠市,,,
705,704,五家渠市,,,
706,670,乌鲁木齐市,,,
707,706,天山区,,,
708,706,沙依巴克区,,,
709,706,新市区,,,
710,706,水磨沟区,,,
711,706,头屯河区,,,
712,706,达坂城区,,,
713,706,米东区,,,
714,706,乌鲁木齐县,,,
715,670,克拉玛依市,,,
716,715,独山子区,,,
717,715,克拉玛依区,,,
718,715,白碱滩区,,,
719,715,乌尔禾区,,,
720,670,吐鲁番地区,,,
721,720,吐鲁番市,,,
722,720,鄯善县,,,
723,720,托克逊县,,,
724,670,哈密地区,,,
725,724,哈密市,,,
726,724,巴里坤哈萨克自治县,,,
727,724,伊吾县,,,
728,670,昌吉回族自治州,,,
729,728,昌吉市,,,
730,728,阜康市,,,
731,728,呼图壁县,,,
732,728,玛纳斯县,,,
733,728,奇台县,,,
734,728,吉木萨尔县,,,
735,728,木垒哈萨克自治县,,,
736,670,博尔塔拉蒙古自治州,,,
737,736,博乐市,,,
738,736,精河县,,,
739,736,温泉县,,,
740,670,巴音郭楞蒙古自治州,,,
741,740,库尔勒市,,,
742,740,轮台县,,,
743,740,尉犁县,,,
744,740,若羌县,,,
745,740,且末县,,,
746,740,焉耆回族自治县,,,
747,740,和静县,,,
748,740,和硕县,,,
749,740,博湖县,,,
750,670,阿克苏地区,,,
751,750,阿克苏市,,,
752,750,温宿县,,,
753,750,库车县,,,
754,750,沙雅县,,,
755,750,新和县,,,
756,750,拜城县,,,
757,750,乌什县,,,
758,750,阿瓦提县,,,
759,750,柯坪县,,,
760,670,克孜勒苏柯尔克孜自治州,,,
761,760,阿图什市,,,
762,760,阿克陶县,,,
763,760,阿合奇县,,,
764,760,乌恰县,,,
765,670,喀什地区,,,
766,765,喀什市,,,
767,765,疏附县,,,
768,765,疏勒县,,,
769,765,英吉沙县,,,
770,765,泽普县,,,
771,765,莎车县,,,
772,765,叶城县,,,
773,765,麦盖提县,,,
774,765,岳普湖县,,,
775,765,伽师县,,,
776,765,巴楚县,,,
777,765,塔什库尔干塔吉克自治县,,,
778,670,和田地区,,,
779,778,和田市,,,
780,778,和田县,,,
781,778,墨玉县,,,
782,778,皮山县,,,
783,778,洛浦县,,,
784,778,策勒县,,,
785,778,于田县,,,
786,778,民丰县,,,
787,1,台湾,,,
788,787,台中县,,,
789,788,台中县,,,
790,787,彰化县,,,
791,790,彰化县,,,
792,787,南投县,,,
793,792,南投县,,,
794,787,云林县,,,
795,794,云林县,,,
796,787,嘉义县,,,
797,796,嘉义县,,,
798,787,台南县,,,
799,798,台南县,,,
800,787,高雄县,,,
801,800,高雄县,,,
802,787,屏东县,,,
803,802,屏东县,,,
804,787,台东县,,,
805,804,台东县,,,
806,787,台北市,,,
807,806,台北市,,,
808,787,高雄市,,,
809,808,高雄市,,,
810,787,基隆市,,,
811,810,基隆市,,,
812,787,新竹市,,,
813,812,新竹市,,,
814,787,台中市,,,
815,814,台中市,,,
816,787,嘉义市,,,
817,816,嘉义市,,,
818,787,台北县,,,
819,818,台北县,,,
820,787,宜兰县,,,
821,820,宜兰县,,,
822,787,桃园县,,,
823,822,桃园县,,,
824,787,新竹县,,,
825,824,新竹县,,,
826,787,花莲县,,,
827,826,花莲县,,,
828,787,苗栗县,,,
829,828,苗栗县,,,
830,787,澎湖县,,,
831,830,澎湖县,,,
832,1,山西,,,
833,832,太原市,,,
834,833,小店区,,,
835,833,迎泽区,,,
836,833,杏花岭区,,,
837,833,尖草坪区,,,
838,833,万柏林区,,,
839,833,晋源区,,,
840,833,清徐县,,,
841,833,阳曲县,,,
842,833,娄烦县,,,
843,833,古交市,,,
844,832,大同市,,,
845,844,城区,,,
846,844,矿区,,,
847,844,南郊区,,,
848,844,新荣区,,,
849,844,阳高县,,,
850,844,天镇县,,,
851,844,广灵县,,,
852,844,灵丘县,,,
853,844,浑源县,,,
854,844,左云县,,,
855,844,大同县,,,
856,832,阳泉市,,,
857,856,城区,,,
858,856,矿区,,,
859,856,郊区,,,
860,856,平定县,,,
861,856,盂县,,,
862,832,长治市,,,
863,862,城区,,,
864,862,郊区,,,
865,862,长治县,,,
866,862,襄垣县,,,
867,862,屯留县,,,
868,862,平顺县,,,
869,862,黎城县,,,
870,862,壶关县,,,
871,862,长子县,,,
872,862,武乡县,,,
873,862,沁县,,,
874,862,沁源县,,,
875,862,潞城市,,,
876,832,晋城市,,,
877,876,城区,,,
878,876,沁水县,,,
879,876,阳城县,,,
880,876,陵川县,,,
881,876,泽州县,,,
882,876,高平市,,,
883,832,朔州市,,,
884,883,朔城区,,,
885,883,平鲁区,,,
886,883,山阴县,,,
887,883,应县,,,
888,883,右玉县,,,
889,883,怀仁县,,,
890,832,晋中市,,,
891,890,榆次区,,,
892,890,榆社县,,,
893,890,左权县,,,
894,890,和顺县,,,
895,890,昔阳县,,,
896,890,寿阳县,,,
897,890,太谷县,,,
898,890,祁县,,,
899,890,平遥县,,,
900,890,灵石县,,,
901,890,介休市,,,
902,832,运城市,,,
903,902,盐湖区,,,
904,902,临猗县,,,
905,902,万荣县,,,
906,902,闻喜县,,,
907,902,稷山县,,,
908,902,新绛县,,,
909,902,绛县,,,
910,902,垣曲县,,,
911,902,夏县,,,
912,902,平陆县,,,
913,902,芮城县,,,
914,902,永济市,,,
915,902,河津市,,,
916,832,忻州市,,,
917,916,忻府区,,,
918,916,定襄县,,,
919,916,五台县,,,
920,916,代县,,,
921,916,繁峙县,,,
922,916,宁武县,,,
923,916,静乐县,,,
924,916,神池县,,,
925,916,五寨县,,,
926,916,岢岚县,,,
927,916,河曲县,,,
928,916,保德县,,,
929,916,偏关县,,,
930,916,原平市,,,
931,832,临汾市,,,
932,931,尧都区,,,
933,931,曲沃县,,,
934,931,翼城县,,,
935,931,襄汾县,,,
936,931,洪洞县,,,
937,931,古县,,,
938,931,安泽县,,,
939,931,浮山县,,,
940,931,吉县,,,
941,931,乡宁县,,,
942,931,大宁县,,,
943,931,隰县,,,
944,931,永和县,,,
945,931,蒲县,,,
946,931,汾西县,,,
947,931,侯马市,,,
948,931,霍州市,,,
949,832,吕梁市,,,
950,949,离石区,,,
951,949,文水县,,,
952,949,交城县,,,
953,949,兴县,,,
954,949,临县,,,
955,949,柳林县,,,
956,949,石楼县,,,
957,949,岚县,,,
958,949,方山县,,,
959,949,中阳县,,,
960,949,交口县,,,
961,949,孝义市,,,
962,949,汾阳市,,,
963,1,香港,,,
964,963,香港特别行政区,,,
965,964,香港特别行政区,,,
966,1,内蒙古,,,
967,966,呼和浩特市,,,
968,967,新城区,,,
969,967,回民区,,,
970,967,玉泉区,,,
971,967,赛罕区,,,
972,967,土默特左旗,,,
973,967,托克托县,,,
974,967,和林格尔县,,,
975,967,清水河县,,,
976,967,武川县,,,
977,966,阿拉善盟,,,
978,977,阿拉善左旗,,,
979,977,阿拉善右旗,,,
980,977,额济纳旗,,,
981,966,包头市,,,
982,981,东河区,,,
983,981,昆都仑区,,,
984,981,青山区,,,
985,981,石拐区,,,
986,981,白云鄂博矿区,,,
987,981,九原区,,,
988,981,土默特右旗,,,
989,981,固阳县,,,
990,981,达尔罕茂明安联合旗,,,
991,966,乌海市,,,
992,991,海勃湾区,,,
993,991,海南区,,,
994,991,乌达区,,,
995,966,赤峰市,,,
996,995,红山区,,,
997,995,元宝山区,,,
998,995,松山区,,,
999,995,阿鲁科尔沁旗,,,
1000,995,巴林左旗,,,
1001,995,巴林右旗,,,
1002,995,林西县,,,
1003,995,克什克腾旗,,,
1004,995,翁牛特旗,,,
1005,995,喀喇沁旗,,,
1006,995,宁城县,,,
1007,995,敖汉旗,,,
1008,966,通辽市,,,
1009,1008,科尔沁区,,,
1010,1008,科尔沁左翼中旗,,,
1011,1008,科尔沁左翼后旗,,,
1012,1008,开鲁县,,,
1013,1008,库伦旗,,,
1014,1008,奈曼旗,,,
1015,1008,扎鲁特旗,,,
1016,1008,霍林郭勒市,,,
1017,966,鄂尔多斯市,,,
1018,1017,东胜区,,,
1019,1017,达拉特旗,,,
1020,1017,准格尔旗,,,
1021,1017,鄂托克前旗,,,
1022,1017,鄂托克旗,,,
1023,1017,杭锦旗,,,
1024,1017,乌审旗,,,
1025,1017,伊金霍洛旗,,,
1026,966,呼伦贝尔市,,,
1027,1026,海拉尔区,,,
1028,1026,阿荣旗,,,
1029,1026,莫力达瓦达斡尔族自治旗,,,
1030,1026,鄂伦春自治旗,,,
1031,1026,鄂温克族自治旗,,,
1032,1026,陈巴尔虎旗,,,
1033,1026,新巴尔虎左旗,,,
1034,1026,新巴尔虎右旗,,,
1035,1026,满洲里市,,,
1036,1026,牙克石市,,,
1037,1026,扎兰屯市,,,
1038,1026,额尔古纳市,,,
1039,1026,根河市,,,
1040,966,巴彦淖尔市,,,
1041,1040,临河区,,,
1042,1040,五原县,,,
1043,1040,磴口县,,,
1044,1040,乌拉特前旗,,,
1045,1040,乌拉特中旗,,,
1046,1040,乌拉特后旗,,,
1047,1040,杭锦后旗,,,
1048,966,乌兰察布市,,,
1049,1048,集宁区,,,
1050,1048,卓资县,,,
1051,1048,化德县,,,
1052,1048,商都县,,,
1053,1048,兴和县,,,
1054,1048,凉城县,,,
1055,1048,察哈尔右翼前旗,,,
1056,1048,察哈尔右翼中旗,,,
1057,1048,察哈尔右翼后旗,,,
1058,1048,四子王旗,,,
1059,1048,丰镇市,,,
1060,966,兴安盟,,,
1061,1060,乌兰浩特市,,,
1062,1060,阿尔山市,,,
1063,1060,科尔沁右翼前旗,,,
1064,1060,科尔沁右翼中旗,,,
1065,1060,扎赉特旗,,,
1066,1060,突泉县,,,
1067,966,锡林郭勒盟,,,
1068,1067,二连浩特市,,,
1069,1067,锡林浩特市,,,
1070,1067,阿巴嘎旗,,,
1071,1067,苏尼特左旗,,,
1072,1067,苏尼特右旗,,,
1073,1067,东乌珠穆沁旗,,,
1074,1067,西乌珠穆沁旗,,,
1075,1067,太仆寺旗,,,
1076,1067,镶黄旗,,,
1077,1067,正镶白旗,,,
1078,1067,正蓝旗,,,
1079,1067,多伦县,,,
1080,1,澳门,,,
1081,1080,澳门特别行政区,,,
1082,1081,澳门特别行政区,,,
1083,1,辽宁,,,
1084,1083,铁岭市,,,
1085,1084,银州区,,,
1086,1084,清河区,,,
1087,1084,铁岭县,,,
1088,1084,西丰县,,,
1089,1084,昌图县,,,
1090,1084,调兵山市,,,
1091,1084,开原市,,,
1092,1083,朝阳市,,,
1093,1092,双塔区,,,
1094,1092,龙城区,,,
1095,1092,朝阳县,,,
1096,1092,建平县,,,
1097,1092,喀喇沁左翼蒙古族自治县,,,
1098,1092,北票市,,,
1099,1092,凌源市,,,
1100,1083,葫芦岛市,,,
1101,1100,连山区,,,
1102,1100,龙港区,,,
1103,1100,南票区,,,
1104,1100,绥中县,,,
1105,1100,建昌县,,,
1106,1100,兴城市,,,
1107,1083,沈阳市,,,
1108,1107,和平区,,,
1109,1107,沈河区,,,
1110,1107,大东区,,,
1111,1107,皇姑区,,,
1112,1107,铁西区,,,
1113,1107,苏家屯区,,,
1114,1107,东陵区,,,
1115,1107,沈北新区,,,
1116,1107,于洪区,,,
1117,1107,辽中县,,,
1118,1107,康平县,,,
1119,1107,法库县,,,
1120,1107,新民市,,,
1121,1083,大连市,,,
1122,1121,中山区,,,
1123,1121,西岗区,,,
1124,1121,沙河口区,,,
1125,1121,甘井子区,,,
1126,1121,旅顺口区,,,
1127,1121,金州区,,,
1128,1121,长海县,,,
1129,1121,瓦房店市,,,
1130,1121,普兰店市,,,
1131,1121,庄河市,,,
1132,1083,鞍山市,,,
1133,1132,铁东区,,,
1134,1132,铁西区,,,
1135,1132,立山区,,,
1136,1132,千山区,,,
1137,1132,台安县,,,
1138,1132,岫岩满族自治县,,,
1139,1132,海城市,,,
1140,1083,抚顺市,,,
1141,1140,新抚区,,,
1142,1140,东洲区,,,
1143,1140,望花区,,,
1144,1140,顺城区,,,
1145,1140,抚顺县,,,
1146,1140,新宾满族自治县,,,
1147,1140,清原满族自治县,,,
1148,1083,本溪市,,,
1149,1148,平山区,,,
1150,1148,溪湖区,,,
1151,1148,明山区,,,
1152,1148,南芬区,,,
1153,1148,本溪满族自治县,,,
1154,1148,桓仁满族自治县,,,
1155,1083,丹东市,,,
1156,1155,元宝区,,,
1157,1155,振兴区,,,
1158,1155,振安区,,,
1159,1155,宽甸满族自治县,,,
1160,1155,东港市,,,
1161,1155,凤城市,,,
1162,1083,锦州市,,,
1163,1162,古塔区,,,
1164,1162,凌河区,,,
1165,1162,太和区,,,
1166,1162,黑山县,,,
1167,1162,义县,,,
1168,1162,凌海市,,,
1169,1162,北镇市,,,
1170,1083,营口市,,,
1171,1170,站前区,,,
1172,1170,西市区,,,
1173,1170,鲅鱼圈区,,,
1174,1170,老边区,,,
1175,1170,盖州市,,,
1176,1170,大石桥市,,,
1177,1083,阜新市,,,
1178,1177,海州区,,,
1179,1177,新邱区,,,
1180,1177,太平区,,,
1181,1177,清河门区,,,
1182,1177,细河区,,,
1183,1177,阜新蒙古族自治县,,,
1184,1177,彰武县,,,
1185,1083,辽阳市,,,
1186,1185,白塔区,,,
1187,1185,文圣区,,,
1188,1185,宏伟区,,,
1189,1185,弓长岭区,,,
1190,1185,太子河区,,,
1191,1185,辽阳县,,,
1192,1185,灯塔市,,,
1193,1083,盘锦市,,,
1194,1193,双台子区,,,
1195,1193,兴隆台区,,,
1196,1193,大洼县,,,
1197,1193,盘山县,,,
1198,1,吉林,,,
1199,1198,长春市,,,
1200,1199,南关区,,,
1201,1199,宽城区,,,
1202,1199,朝阳区,,,
1203,1199,二道区,,,
1204,1199,绿园区,,,
1205,1199,双阳区,,,
1206,1199,农安县,,,
1207,1199,九台市,,,
1208,1199,榆树市,,,
1209,1199,德惠市,,,
1210,1198,吉林市,,,
1211,1210,昌邑区,,,
1212,1210,龙潭区,,,
1213,1210,船营区,,,
1214,1210,丰满区,,,
1215,1210,永吉县,,,
1216,1210,蛟河市,,,
1217,1210,桦甸市,,,
1218,1210,舒兰市,,,
1219,1210,磐石市,,,
1220,1198,四平市,,,
1221,1220,铁西区,,,
1222,1220,铁东区,,,
1223,1220,梨树县,,,
1224,1220,伊通满族自治县,,,
1225,1220,公主岭市,,,
1226,1220,双辽市,,,
1227,1198,辽源市,,,
1228,1227,龙山区,,,
1229,1227,西安区,,,
1230,1227,东丰县,,,
1231,1227,东辽县,,,
1232,1198,通化市,,,
1233,1232,东昌区,,,
1234,1232,二道江区,,,
1235,1232,通化县,,,
1236,1232,辉南县,,,
1237,1232,柳河县,,,
1238,1232,梅河口市,,,
1239,1232,集安市,,,
1240,1198,白山市,,,
1241,1240,八道江区,,,
1242,1240,江源区,,,
1243,1240,抚松县,,,
1244,1240,靖宇县,,,
1245,1240,长白朝鲜族自治县,,,
1246,1240,临江市,,,
1247,1198,松原市,,,
1248,1247,宁江区,,,
1249,1247,前郭尔罗斯蒙古族自治县,,,
1250,1247,长岭县,,,
1251,1247,乾安县,,,
1252,1247,扶余县,,,
1253,1198,白城市,,,
1254,1253,洮北区,,,
1255,1253,镇赉县,,,
1256,1253,通榆县,,,
1257,1253,洮南市,,,
1258,1253,大安市,,,
1259,1198,延边朝鲜族自治州,,,
1260,1259,延吉市,,,
1261,1259,图们市,,,
1262,1259,敦化市,,,
1263,1259,珲春市,,,
1264,1259,龙井市,,,
1265,1259,和龙市,,,
1266,1259,汪清县,,,
1267,1259,安图县,,,
1268,1,黑龙江,,,
1269,1268,绥化市,,,
1270,1269,北林区,,,
1271,1269,望奎县,,,
1272,1269,兰西县,,,
1273,1269,青冈县,,,
1274,1269,庆安县,,,
1275,1269,明水县,,,
1276,1269,绥棱县,,,
1277,1269,安达市,,,
1278,1269,肇东市,,,
1279,1269,海伦市,,,
1280,1268,大兴安岭地区,,,
1281,1280,加格达奇区,,,
1282,1280,松岭区,,,
1283,1280,新林区,,,
1284,1280,呼中区,,,
1285,1280,呼玛县,,,
1286,1280,塔河县,,,
1287,1280,漠河县,,,
1288,1268,哈尔滨市,,,
1289,1288,道里区,,,
1290,1288,南岗区,,,
1291,1288,道外区,,,
1292,1288,平房区,,,
1293,1288,松北区,,,
1294,1288,香坊区,,,
1295,1288,呼兰区,,,
1296,1288,阿城区,,,
1297,1288,依兰县,,,
1298,1288,方正县,,,
1299,1288,宾县,,,
1300,1288,巴彦县,,,
1301,1288,木兰县,,,
1302,1288,通河县,,,
1303,1288,延寿县,,,
1304,1288,双城市,,,
1305,1288,尚志市,,,
1306,1288,五常市,,,
1307,1268,齐齐哈尔市,,,
1308,1307,龙沙区,,,
1309,1307,建华区,,,
1310,1307,铁锋区,,,
1311,1307,昂昂溪区,,,
1312,1307,富拉尔基区,,,
1313,1307,碾子山区,,,
1314,1307,梅里斯达斡尔族区,,,
1315,1307,龙江县,,,
1316,1307,依安县,,,
1317,1307,泰来县,,,
1318,1307,甘南县,,,
1319,1307,富裕县,,,
1320,1307,克山县,,,
1321,1307,克东县,,,
1322,1307,拜泉县,,,
1323,1307,讷河市,,,
1324,1268,鸡西市,,,
1325,1324,鸡冠区,,,
1326,1324,恒山区,,,
1327,1324,滴道区,,,
1328,1324,梨树区,,,
1329,1324,城子河区,,,
1330,1324,麻山区,,,
1331,1324,鸡东县,,,
1332,1324,虎林市,,,
1333,1324,密山市,,,
1334,1268,鹤岗市,,,
1335,1334,向阳区,,,
1336,1334,工农区,,,
1337,1334,南山区,,,
1338,1334,兴安区,,,
1339,1334,东山区,,,
1340,1334,兴山区,,,
1341,1334,萝北县,,,
1342,1334,绥滨县,,,
1343,1268,双鸭山市,,,
1344,1343,尖山区,,,
1345,1343,岭东区,,,
1346,1343,四方台区,,,
1347,1343,宝山区,,,
1348,1343,集贤县,,,
1349,1343,友谊县,,,
1350,1343,宝清县,,,
1351,1343,饶河县,,,
1352,1268,大庆市,,,
1353,1352,萨尔图区,,,
1354,1352,龙凤区,,,
1355,1352,让胡路区,,,
1356,1352,红岗区,,,
1357,1352,大同区,,,
1358,1352,肇州县,,,
1359,1352,肇源县,,,
1360,1352,林甸县,,,
1361,1352,杜尔伯特蒙古族自治县,,,
1362,1268,伊春市,,,
1363,1362,伊春区,,,
1364,1362,南岔区,,,
1365,1362,友好区,,,
1366,1362,西林区,,,
1367,1362,翠峦区,,,
1368,1362,新青区,,,
1369,1362,美溪区,,,
1370,1362,金山屯区,,,
1371,1362,五营区,,,
1372,1362,乌马河区,,,
1373,1362,汤旺河区,,,
1374,1362,带岭区,,,
1375,1362,乌伊岭区,,,
1376,1362,红星区,,,
1377,1362,上甘岭区,,,
1378,1362,嘉荫县,,,
1379,1362,铁力市,,,
1380,1268,佳木斯市,,,
1381,1380,向阳区,,,
1382,1380,前进区,,,
1383,1380,东风区,,,
1384,1380,郊区,,,
1385,1380,桦南县,,,
1386,1380,桦川县,,,
1387,1380,汤原县,,,
1388,1380,抚远县,,,
1389,1380,同江市,,,
1390,1380,富锦市,,,
1391,1268,七台河市,,,
1392,1391,新兴区,,,
1393,1391,桃山区,,,
1394,1391,茄子河区,,,
1395,1391,勃利县,,,
1396,1268,牡丹江市,,,
1397,1396,东安区,,,
1398,1396,阳明区,,,
1399,1396,爱民区,,,
1400,1396,西安区,,,
1401,1396,东宁县,,,
1402,1396,林口县,,,
1403,1396,绥芬河市,,,
1404,1396,海林市,,,
1405,1396,宁安市,,,
1406,1396,穆棱市,,,
1407,1268,黑河市,,,
1408,1407,爱辉区,,,
1409,1407,嫩江县,,,
1410,1407,逊克县,,,
1411,1407,孙吴县,,,
1412,1407,北安市,,,
1413,1407,五大连池市,,,
1414,1,安徽,,,
1415,1414,宿州市,,,
1416,1415,埇桥区,,,
1417,1415,砀山县,,,
1418,1415,萧县,,,
1419,1415,灵璧县,,,
1420,1415,泗县,,,
1421,1414,巢湖市,,,
1422,1421,居巢区,,,
1423,1421,庐江县,,,
1424,1421,无为县,,,
1425,1421,含山县,,,
1426,1421,和县,,,
1427,1414,六安市,,,
1428,1427,金安区,,,
1429,1427,裕安区,,,
1430,1427,寿县,,,
1431,1427,霍邱县,,,
1432,1427,舒城县,,,
1433,1427,金寨县,,,
1434,1427,霍山县,,,
1435,1414,亳州市,,,
1436,1435,谯城区,,,
1437,1435,涡阳县,,,
1438,1435,蒙城县,,,
1439,1435,利辛县,,,
1440,1414,池州市,,,
1441,1440,贵池区,,,
1442,1440,东至县,,,
1443,1440,石台县,,,
1444,1440,青阳县,,,
1445,1414,宣城市,,,
1446,1445,宣州区,,,
1447,1445,郎溪县,,,
1448,1445,广德县,,,
1449,1445,泾县,,,
1450,1445,绩溪县,,,
1451,1445,旌德县,,,
1452,1445,宁国市,,,
1453,1414,合肥市,,,
1454,1453,瑶海区,,,
1455,1453,庐阳区,,,
1456,1453,蜀山区,,,
1457,1453,包河区,,,
1458,1453,长丰县,,,
1459,1453,肥东县,,,
1460,1453,肥西县,,,
1461,1414,芜湖市,,,
1462,1461,镜湖区,,,
1463,1461,弋江区,,,
1464,1461,鸠江区,,,
1465,1461,三山区,,,
1466,1461,芜湖县,,,
1467,1461,繁昌县,,,
1468,1461,南陵县,,,
1469,1414,蚌埠市,,,
1470,1469,龙子湖区,,,
1471,1469,蚌山区,,,
1472,1469,禹会区,,,
1473,1469,淮上区,,,
1474,1469,怀远县,,,
1475,1469,五河县,,,
1476,1469,固镇县,,,
1477,1414,淮南市,,,
1478,1477,大通区,,,
1479,1477,田家庵区,,,
1480,1477,谢家集区,,,
1481,1477,八公山区,,,
1482,1477,潘集区,,,
1483,1477,凤台县,,,
1484,1414,马鞍山市,,,
1485,1484,金家庄区,,,
1486,1484,花山区,,,
1487,1484,雨山区,,,
1488,1484,当涂县,,,
1489,1414,淮北市,,,
1490,1489,杜集区,,,
1491,1489,相山区,,,
1492,1489,烈山区,,,
1493,1489,濉溪县,,,
1494,1414,铜陵市,,,
1495,1494,铜官山区,,,
1496,1494,狮子山区,,,
1497,1494,郊区,,,
1498,1494,铜陵县,,,
1499,1414,安庆市,,,
1500,1499,迎江区,,,
1501,1499,大观区,,,
1502,1499,宜秀区,,,
1503,1499,怀宁县,,,
1504,1499,枞阳县,,,
1505,1499,潜山县,,,
1506,1499,太湖县,,,
1507,1499,宿松县,,,
1508,1499,望江县,,,
1509,1499,岳西县,,,
1510,1499,桐城市,,,
1511,1414,黄山市,,,
1512,1511,屯溪区,,,
1513,1511,黄山区,,,
1514,1511,徽州区,,,
1515,1511,歙县,,,
1516,1511,休宁县,,,
1517,1511,黟县,,,
1518,1511,祁门县,,,
1519,1414,滁州市,,,
1520,1519,琅琊区,,,
1521,1519,南谯区,,,
1522,1519,来安县,,,
1523,1519,全椒县,,,
1524,1519,定远县,,,
1525,1519,凤阳县,,,
1526,1519,天长市,,,
1527,1519,明光市,,,
1528,1414,阜阳市,,,
1529,1528,颍州区,,,
1530,1528,颍东区,,,
1531,1528,颍泉区,,,
1532,1528,临泉县,,,
1533,1528,太和县,,,
1534,1528,阜南县,,,
1535,1528,颍上县,,,
1536,1528,界首市,,,
1537,1,福建,,,
1538,1537,福州市,,,
1539,1538,鼓楼区,,,
1540,1538,台江区,,,
1541,1538,仓山区,,,
1542,1538,马尾区,,,
1543,1538,晋安区,,,
1544,1538,闽侯县,,,
1545,1538,连江县,,,
1546,1538,罗源县,,,
1547,1538,闽清县,,,
1548,1538,永泰县,,,
1549,1538,平潭县,,,
1550,1538,福清市,,,
1551,1538,长乐市,,,
1552,1537,厦门市,,,
1553,1552,思明区,,,
1554,1552,海沧区,,,
1555,1552,湖里区,,,
1556,1552,集美区,,,
1557,1552,同安区,,,
1558,1552,翔安区,,,
1559,1537,莆田市,,,
1560,1559,城厢区,,,
1561,1559,涵江区,,,
1562,1559,荔城区,,,
1563,1559,秀屿区,,,
1564,1559,仙游县,,,
1565,1537,三明市,,,
1566,1565,梅列区,,,
1567,1565,三元区,,,
1568,1565,明溪县,,,
1569,1565,清流县,,,
1570,1565,宁化县,,,
1571,1565,大田县,,,
1572,1565,尤溪县,,,
1573,1565,沙县,,,
1574,1565,将乐县,,,
1575,1565,泰宁县,,,
1576,1565,建宁县,,,
1577,1565,永安市,,,
1578,1537,泉州市,,,
1579,1578,鲤城区,,,
1580,1578,丰泽区,,,
1581,1578,洛江区,,,
1582,1578,泉港区,,,
1583,1578,惠安县,,,
1584,1578,安溪县,,,
1585,1578,永春县,,,
1586,1578,德化县,,,
1587,1578,金门县,,,
1588,1578,石狮市,,,
1589,1578,晋江市,,,
1590,1578,南安市,,,
1591,1537,漳州市,,,
1592,1591,芗城区,,,
1593,1591,龙文区,,,
1594,1591,云霄县,,,
1595,1591,漳浦县,,,
1596,1591,诏安县,,,
1597,1591,长泰县,,,
1598,1591,东山县,,,
1599,1591,南靖县,,,
1600,1591,平和县,,,
1601,1591,华安县,,,
1602,1591,龙海市,,,
1603,1537,南平市,,,
1604,1603,延平区,,,
1605,1603,顺昌县,,,
1606,1603,浦城县,,,
1607,1603,光泽县,,,
1608,1603,松溪县,,,
1609,1603,政和县,,,
1610,1603,邵武市,,,
1611,1603,武夷山市,,,
1612,1603,建瓯市,,,
1613,1603,建阳市,,,
1614,1537,龙岩市,,,
1615,1614,新罗区,,,
1616,1614,长汀县,,,
1617,1614,永定县,,,
1618,1614,上杭县,,,
1619,1614,武平县,,,
1620,1614,连城县,,,
1621,1614,漳平市,,,
1622,1537,宁德市,,,
1623,1622,蕉城区,,,
1624,1622,霞浦县,,,
1625,1622,古田县,,,
1626,1622,屏南县,,,
1627,1622,寿宁县,,,
1628,1622,周宁县,,,
1629,1622,柘荣县,,,
1630,1622,福安市,,,
1631,1622,福鼎市,,,
1632,1,江西,,,
1633,1632,南昌市,,,
1634,1633,东湖区,,,
1635,1633,西湖区,,,
1636,1633,青云谱区,,,
1637,1633,湾里区,,,
1638,1633,青山湖区,,,
1639,1633,南昌县,,,
1640,1633,新建县,,,
1641,1633,安义县,,,
1642,1633,进贤县,,,
1643,1632,景德镇市,,,
1644,1643,昌江区,,,
1645,1643,珠山区,,,
1646,1643,浮梁县,,,
1647,1643,乐平市,,,
1648,1632,萍乡市,,,
1649,1648,安源区,,,
1650,1648,湘东区,,,
1651,1648,莲花县,,,
1652,1648,上栗县,,,
1653,1648,芦溪县,,,
1654,1632,九江市,,,
1655,1654,庐山区,,,
1656,1654,浔阳区,,,
1657,1654,九江县,,,
1658,1654,武宁县,,,
1659,1654,修水县,,,
1660,1654,永修县,,,
1661,1654,德安县,,,
1662,1654,星子县,,,
1663,1654,都昌县,,,
1664,1654,湖口县,,,
1665,1654,彭泽县,,,
1666,1654,瑞昌市,,,
1667,1632,新余市,,,
1668,1667,渝水区,,,
1669,1667,分宜县,,,
1670,1632,鹰潭市,,,
1671,1670,月湖区,,,
1672,1670,余江县,,,
1673,1670,贵溪市,,,
1674,1632,赣州市,,,
1675,1674,章贡区,,,
1676,1674,赣县,,,
1677,1674,信丰县,,,
1678,1674,大余县,,,
1679,1674,上犹县,,,
1680,1674,崇义县,,,
1681,1674,安远县,,,
1682,1674,龙南县,,,
1683,1674,定南县,,,
1684,1674,全南县,,,
1685,1674,宁都县,,,
1686,1674,于都县,,,
1687,1674,兴国县,,,
1688,1674,会昌县,,,
1689,1674,寻乌县,,,
1690,1674,石城县,,,
1691,1674,瑞金市,,,
1692,1674,南康市,,,
1693,1632,吉安市,,,
1694,1693,吉州区,,,
1695,1693,青原区,,,
1696,1693,吉安县,,,
1697,1693,吉水县,,,
1698,1693,峡江县,,,
1699,1693,新干县,,,
1700,1693,永丰县,,,
1701,1693,泰和县,,,
1702,1693,遂川县,,,
1703,1693,万安县,,,
1704,1693,安福县,,,
1705,1693,永新县,,,
1706,1693,井冈山市,,,
1707,1632,宜春市,,,
1708,1707,袁州区,,,
1709,1707,奉新县,,,
1710,1707,万载县,,,
1711,1707,上高县,,,
1712,1707,宜丰县,,,
1713,1707,靖安县,,,
1714,1707,铜鼓县,,,
1715,1707,丰城市,,,
1716,1707,樟树市,,,
1717,1707,高安市,,,
1718,1632,抚州市,,,
1719,1718,临川区,,,
1720,1718,南城县,,,
1721,1718,黎川县,,,
1722,1718,南丰县,,,
1723,1718,崇仁县,,,
1724,1718,乐安县,,,
1725,1718,宜黄县,,,
1726,1718,金溪县,,,
1727,1718,资溪县,,,
1728,1718,东乡县,,,
1729,1718,广昌县,,,
1730,1632,上饶市,,,
1731,1730,信州区,,,
1732,1730,上饶县,,,
1733,1730,广丰县,,,
1734,1730,玉山县,,,
1735,1730,铅山县,,,
1736,1730,横峰县,,,
1737,1730,弋阳县,,,
1738,1730,余干县,,,
1739,1730,鄱阳县,,,
1740,1730,万年县,,,
1741,1730,婺源县,,,
1742,1730,德兴市,,,
1743,1,山东,,,
1744,1743,莱芜市,,,
1745,1744,莱城区,,,
1746,1744,钢城区,,,
1747,1743,临沂市,,,
1748,1747,兰山区,,,
1749,1747,罗庄区,,,
1750,1747,河东区,,,
1751,1747,沂南县,,,
1752,1747,郯城县,,,
1753,1747,沂水县,,,
1754,1747,苍山县,,,
1755,1747,费县,,,
1756,1747,平邑县,,,
1757,1747,莒南县,,,
1758,1747,蒙阴县,,,
1759,1747,临沭县,,,
1760,1743,德州市,,,
1761,1760,德城区,,,
1762,1760,陵县,,,
1763,1760,宁津县,,,
1764,1760,庆云县,,,
1765,1760,临邑县,,,
1766,1760,齐河县,,,
1767,1760,平原县,,,
1768,1760,夏津县,,,
1769,1760,武城县,,,
1770,1760,乐陵市,,,
1771,1760,禹城市,,,
1772,1743,聊城市,,,
1773,1772,东昌府区,,,
1774,1772,阳谷县,,,
1775,1772,莘县,,,
1776,1772,茌平县,,,
1777,1772,东阿县,,,
1778,1772,冠县,,,
1779,1772,高唐县,,,
1780,1772,临清市,,,
1781,1743,滨州市,,,
1782,1781,滨城区,,,
1783,1781,惠民县,,,
1784,1781,阳信县,,,
1785,1781,无棣县,,,
1786,1781,沾化县,,,
1787,1781,博兴县,,,
1788,1781,邹平县,,,
1789,1743,菏泽市,,,
1790,1789,牡丹区,,,
1791,1789,曹县,,,
1792,1789,单县,,,
1793,1789,成武县,,,
1794,1789,巨野县,,,
1795,1789,郓城县,,,
1796,1789,鄄城县,,,
1797,1789,定陶县,,,
1798,1789,东明县,,,
1799,1743,济南市,,,
1800,1799,历下区,,,
1801,1799,市中区,,,
1802,1799,槐荫区,,,
1803,1799,天桥区,,,
1804,1799,历城区,,,
1805,1799,长清区,,,
1806,1799,平阴县,,,
1807,1799,济阳县,,,
1808,1799,商河县,,,
1809,1799,章丘市,,,
1810,1743,青岛市,,,
1811,1810,市南区,,,
1812,1810,市北区,,,
1813,1810,四方区,,,
1814,1810,黄岛区,,,
1815,1810,崂山区,,,
1816,1810,李沧区,,,
1817,1810,城阳区,,,
1818,1810,胶州市,,,
1819,1810,即墨市,,,
1820,1810,平度市,,,
1821,1810,胶南市,,,
1822,1810,莱西市,,,
1823,1743,淄博市,,,
1824,1823,淄川区,,,
1825,1823,张店区,,,
1826,1823,博山区,,,
1827,1823,临淄区,,,
1828,1823,周村区,,,
1829,1823,桓台县,,,
1830,1823,高青县,,,
1831,1823,沂源县,,,
1832,1743,枣庄市,,,
1833,1832,市中区,,,
1834,1832,薛城区,,,
1835,1832,峄城区,,,
1836,1832,台儿庄区,,,
1837,1832,山亭区,,,
1838,1832,滕州市,,,
1839,1743,东营市,,,
1840,1839,东营区,,,
1841,1839,河口区,,,
1842,1839,垦利县,,,
1843,1839,利津县,,,
1844,1839,广饶县,,,
1845,1743,烟台市,,,
1846,1845,芝罘区,,,
1847,1845,福山区,,,
1848,1845,牟平区,,,
1849,1845,莱山区,,,
1850,1845,长岛县,,,
1851,1845,龙口市,,,
1852,1845,莱阳市,,,
1853,1845,莱州市,,,
1854,1845,蓬莱市,,,
1855,1845,招远市,,,
1856,1845,栖霞市,,,
1857,1845,海阳市,,,
1858,1743,潍坊市,,,
1859,1858,潍城区,,,
1860,1858,寒亭区,,,
1861,1858,坊子区,,,
1862,1858,奎文区,,,
1863,1858,临朐县,,,
1864,1858,昌乐县,,,
1865,1858,青州市,,,
1866,1858,诸城市,,,
1867,1858,寿光市,,,
1868,1858,安丘市,,,
1869,1858,高密市,,,
1870,1858,昌邑市,,,
1871,1743,济宁市,,,
1872,1871,市中区,,,
1873,1871,任城区,,,
1874,1871,微山县,,,
1875,1871,鱼台县,,,
1876,1871,金乡县,,,
1877,1871,嘉祥县,,,
1878,1871,汶上县,,,
1879,1871,泗水县,,,
1880,1871,梁山县,,,
1881,1871,曲阜市,,,
1882,1871,兖州市,,,
1883,1871,邹城市,,,
1884,1743,泰安市,,,
1885,1884,泰山区,,,
1886,1884,岱岳区,,,
1887,1884,宁阳县,,,
1888,1884,东平县,,,
1889,1884,新泰市,,,
1890,1884,肥城市,,,
1891,1743,威海市,,,
1892,1891,环翠区,,,
1893,1891,文登市,,,
1894,1891,荣成市,,,
1895,1891,乳山市,,,
1896,1743,日照市,,,
1897,1896,东港区,,,
1898,1896,岚山区,,,
1899,1896,五莲县,,,
1900,1896,莒县,,,
1901,1,河南,,,
1902,1901,三门峡市,,,
1903,1902,湖滨区,,,
1904,1902,渑池县,,,
1905,1902,陕县,,,
1906,1902,卢氏县,,,
1907,1902,义马市,,,
1908,1902,灵宝市,,,
1909,1901,南阳市,,,
1910,1909,宛城区,,,
1911,1909,卧龙区,,,
1912,1909,南召县,,,
1913,1909,方城县,,,
1914,1909,西峡县,,,
1915,1909,镇平县,,,
1916,1909,内乡县,,,
1917,1909,淅川县,,,
1918,1909,社旗县,,,
1919,1909,唐河县,,,
1920,1909,新野县,,,
1921,1909,桐柏县,,,
1922,1909,邓州市,,,
1923,1901,商丘市,,,
1924,1923,梁园区,,,
1925,1923,睢阳区,,,
1926,1923,民权县,,,
1927,1923,睢县,,,
1928,1923,宁陵县,,,
1929,1923,柘城县,,,
1930,1923,虞城县,,,
1931,1923,夏邑县,,,
1932,1923,永城市,,,
1933,1901,信阳市,,,
1934,1933,浉河区,,,
1935,1933,平桥区,,,
1936,1933,罗山县,,,
1937,1933,光山县,,,
1938,1933,新县,,,
1939,1933,商城县,,,
1940,1933,固始县,,,
1941,1933,潢川县,,,
1942,1933,淮滨县,,,
1943,1933,息县,,,
1944,1901,周口市,,,
1945,1944,川汇区,,,
1946,1944,扶沟县,,,
1947,1944,西华县,,,
1948,1944,商水县,,,
1949,1944,沈丘县,,,
1950,1944,郸城县,,,
1951,1944,淮阳县,,,
1952,1944,太康县,,,
1953,1944,鹿邑县,,,
1954,1944,项城市,,,
1955,1901,驻马店市,,,
1956,1955,驿城区,,,
1957,1955,西平县,,,
1958,1955,上蔡县,,,
1959,1955,平舆县,,,
1960,1955,正阳县,,,
1961,1955,确山县,,,
1962,1955,泌阳县,,,
1963,1955,汝南县,,,
1964,1955,遂平县,,,
1965,1955,新蔡县,,,
1966,1901,济源市,,,
1967,1966,济源市,,,
1968,1901,郑州市,,,
1969,1968,中原区,,,
1970,1968,二七区,,,
1971,1968,管城回族区,,,
1972,1968,金水区,,,
1973,1968,上街区,,,
1974,1968,惠济区,,,
1975,1968,中牟县,,,
1976,1968,巩义市,,,
1977,1968,荥阳市,,,
1978,1968,新密市,,,
1979,1968,新郑市,,,
1980,1968,登封市,,,
1981,1901,开封市,,,
1982,1981,龙亭区,,,
1983,1981,顺河回族区,,,
1984,1981,鼓楼区,,,
1985,1981,禹王台区,,,
1986,1981,金明区,,,
1987,1981,杞县,,,
1988,1981,通许县,,,
1989,1981,尉氏县,,,
1990,1981,开封县,,,
1991,1981,兰考县,,,
1992,1901,洛阳市,,,
1993,1992,老城区,,,
1994,1992,西工区,,,
1995,1992,瀍河回族区,,,
1996,1992,涧西区,,,
1997,1992,吉利区,,,
1998,1992,洛龙区,,,
1999,1992,孟津县,,,
2000,1992,新安县,,,
2001,1992,栾川县,,,
2002,1992,嵩县,,,
2003,1992,汝阳县,,,
2004,1992,宜阳县,,,
2005,1992,洛宁县,,,
2006,1992,伊川县,,,
2007,1992,偃师市,,,
2008,1901,平顶山市,,,
2009,2008,新华区,,,
2010,2008,卫东区,,,
2011,2008,石龙区,,,
2012,2008,湛河区,,,
2013,2008,宝丰县,,,
2014,2008,叶县,,,
2015,2008,鲁山县,,,
2016,2008,郏县,,,
2017,2008,舞钢市,,,
2018,2008,汝州市,,,
2019,1901,安阳市,,,
2020,2019,文峰区,,,
2021,2019,北关区,,,
2022,2019,殷都区,,,
2023,2019,龙安区,,,
2024,2019,安阳县,,,
2025,2019,汤阴县,,,
2026,2019,滑县,,,
2027,2019,内黄县,,,
2028,2019,林州市,,,
2029,1901,鹤壁市,,,
2030,2029,鹤山区,,,
2031,2029,山城区,,,
2032,2029,淇滨区,,,
2033,2029,浚县,,,
2034,2029,淇县,,,
2035,1901,新乡市,,,
2036,2035,红旗区,,,
2037,2035,卫滨区,,,
2038,2035,凤泉区,,,
2039,2035,牧野区,,,
2040,2035,新乡县,,,
2041,2035,获嘉县,,,
2042,2035,原阳县,,,
2043,2035,延津县,,,
2044,2035,封丘县,,,
2045,2035,长垣县,,,
2046,2035,卫辉市,,,
2047,2035,辉县市,,,
2048,1901,焦作市,,,
2049,2048,解放区,,,
2050,2048,中站区,,,
2051,2048,马村区,,,
2052,2048,山阳区,,,
2053,2048,修武县,,,
2054,2048,博爱县,,,
2055,2048,武陟县,,,
2056,2048,温县,,,
2057,2048,沁阳市,,,
2058,2048,孟州市,,,
2059,1901,濮阳市,,,
2060,2059,华龙区,,,
2061,2059,清丰县,,,
2062,2059,南乐县,,,
2063,2059,范县,,,
2064,2059,台前县,,,
2065,2059,濮阳县,,,
2066,1901,许昌市,,,
2067,2066,魏都区,,,
2068,2066,许昌县,,,
2069,2066,鄢陵县,,,
2070,2066,襄城县,,,
2071,2066,禹州市,,,
2072,2066,长葛市,,,
2073,1901,漯河市,,,
2074,2073,源汇区,,,
2075,2073,郾城区,,,
2076,2073,召陵区,,,
2077,2073,舞阳县,,,
2078,2073,临颍县,,,
2079,1,江苏,,,
2080,2079,泰州市,,,
2081,2080,海陵区,,,
2082,2080,高港区,,,
2083,2080,兴化市,,,
2084,2080,靖江市,,,
2085,2080,泰兴市,,,
2086,2080,姜堰市,,,
2087,2079,宿迁市,,,
2088,2087,宿城区,,,
2089,2087,宿豫区,,,
2090,2087,沭阳县,,,
2091,2087,泗阳县,,,
2092,2087,泗洪县,,,
2093,2079,南京市,,,
2094,2093,玄武区,,,
2095,2093,白下区,,,
2096,2093,秦淮区,,,
2097,2093,建邺区,,,
2098,2093,鼓楼区,,,
2099,2093,下关区,,,
2100,2093,浦口区,,,
2101,2093,栖霞区,,,
2102,2093,雨花台区,,,
2103,2093,江宁区,,,
2104,2093,六合区,,,
2105,2093,溧水县,,,
2106,2093,高淳县,,,
2107,2079,无锡市,,,
2108,2107,崇安区,,,
2109,2107,南长区,,,
2110,2107,北塘区,,,
2111,2107,锡山区,,,
2112,2107,惠山区,,,
2113,2107,滨湖区,,,
2114,2107,江阴市,,,
2115,2107,宜兴市,,,
2116,2079,徐州市,,,
2117,2116,鼓楼区,,,
2118,2116,云龙区,,,
2119,2116,九里区,,,
2120,2116,贾汪区,,,
2121,2116,泉山区,,,
2122,2116,丰县,,,
2123,2116,沛县,,,
2124,2116,铜山县,,,
2125,2116,睢宁县,,,
2126,2116,新沂市,,,
2127,2116,邳州市,,,
2128,2079,常州市,,,
2129,2128,天宁区,,,
2130,2128,钟楼区,,,
2131,2128,戚墅堰区,,,
2132,2128,新北区,,,
2133,2128,武进区,,,
2134,2128,溧阳市,,,
2135,2128,金坛市,,,
2136,2079,苏州市,,,
2137,2136,沧浪区,,,
2138,2136,平江区,,,
2139,2136,金阊区,,,
2140,2136,虎丘区,,,
2141,2136,吴中区,,,
2142,2136,相城区,,,
2143,2136,常熟市,,,
2144,2136,张家港市,,,
2145,2136,昆山市,,,
2146,2136,吴江市,,,
2147,2136,太仓市,,,
2148,2079,南通市,,,
2149,2148,崇川区,,,
2150,2148,港闸区,,,
2151,2148,海安县,,,
2152,2148,如东县,,,
2153,2148,启东市,,,
2154,2148,如皋市,,,
2155,2148,通州市,,,
2156,2148,海门市,,,
2157,2079,连云港市,,,
2158,2157,连云区,,,
2159,2157,新浦区,,,
2160,2157,海州区,,,
2161,2157,赣榆县,,,
2162,2157,东海县,,,
2163,2157,灌云县,,,
2164,2157,灌南县,,,
2165,2079,淮安市,,,
2166,2165,清河区,,,
2167,2165,楚州区,,,
2168,2165,淮阴区,,,
2169,2165,清浦区,,,
2170,2165,涟水县,,,
2171,2165,洪泽县,,,
2172,2165,盱眙县,,,
2173,2165,金湖县,,,
2174,2079,盐城市,,,
2175,2174,亭湖区,,,
2176,2174,盐都区,,,
2177,2174,响水县,,,
2178,2174,滨海县,,,
2179,2174,阜宁县,,,
2180,2174,射阳县,,,
2181,2174,建湖县,,,
2182,2174,东台市,,,
2183,2174,大丰市,,,
2184,2079,扬州市,,,
2185,2184,广陵区,,,
2186,2184,邗江区,,,
2187,2184,维扬区,,,
2188,2184,宝应县,,,
2189,2184,仪征市,,,
2190,2184,高邮市,,,
2191,2184,江都市,,,
2192,2079,镇江市,,,
2193,2192,京口区,,,
2194,2192,润州区,,,
2195,2192,丹徒区,,,
2196,2192,丹阳市,,,
2197,2192,扬中市,,,
2198,2192,句容市,,,
2199,1,北京,,,
2200,2199,北京市,,,
2201,2200,东城区,,,
2202,2200,西城区,,,
2203,2200,朝阳区,,,
2204,2200,丰台区,,,
2205,2200,石景山区,,,
2206,2200,海淀区,,,
2207,2200,门头沟区,,,
2208,2200,房山区,,,
2209,2200,通州区,,,
2210,2200,顺义区,,,
2211,2200,昌平区,,,
2212,2200,大兴区,,,
2213,2200,怀柔区,,,
2214,2200,平谷区,,,
2215,2200,密云县,,,
2216,2200,延庆县,,,
2217,1,上海,,,
2218,2217,上海市,,,
2219,2218,黄浦区,,,
2220,2218,卢湾区,,,
2221,2218,徐汇区,,,
2222,2218,长宁区,,,
2223,2218,静安区,,,
2224,2218,普陀区,,,
2225,2218,闸北区,,,
2226,2218,虹口区,,,
2227,2218,杨浦区,,,
2228,2218,闵行区,,,
2229,2218,宝山区,,,
2230,2218,嘉定区,,,
2231,2218,浦东新区,,,
2232,2218,金山区,,,
2233,2218,松江区,,,
2234,2218,青浦区,,,
2235,2218,南汇区,,,
2236,2218,奉贤区,,,
2237,2218,崇明县,,,
2238,1,广东,,,
2239,2238,梅州市,,,
2240,2239,梅江区,,,
2241,2239,梅县,,,
2242,2239,大埔县,,,
2243,2239,丰顺县,,,
2244,2239,五华县,,,
2245,2239,平远县,,,
2246,2239,蕉岭县,,,
2247,2239,兴宁市,,,
2248,2238,汕尾市,,,
2249,2248,城区,,,
2250,2248,海丰县,,,
2251,2248,陆河县,,,
2252,2248,陆丰市,,,
2253,2238,河源市,,,
2254,2253,源城区,,,
2255,2253,紫金县,,,
2256,2253,龙川县,,,
2257,2253,连平县,,,
2258,2253,和平县,,,
2259,2253,东源县,,,
2260,2238,阳江市,,,
2261,2260,江城区,,,
2262,2260,阳西县,,,
2263,2260,阳东县,,,
2264,2260,阳春市,,,
2265,2238,清远市,,,
2266,2265,清城区,,,
2267,2265,佛冈县,,,
2268,2265,阳山县,,,
2269,2265,连山壮族瑶族自治县,,,
2270,2265,连南瑶族自治县,,,
2271,2265,清新县,,,
2272,2265,英德市,,,
2273,2265,连州市,,,
2274,2238,东莞市,,,
2275,2274,东莞市,,,
2276,2238,中山市,,,
2277,2276,中山市,,,
2278,2238,潮州市,,,
2279,2278,湘桥区,,,
2280,2278,潮安县,,,
2281,2278,饶平县,,,
2282,2238,揭阳市,,,
2283,2282,榕城区,,,
2284,2282,揭东县,,,
2285,2282,揭西县,,,
2286,2282,惠来县,,,
2287,2282,普宁市,,,
2288,2238,广州市,,,
2289,2288,荔湾区,,,
2290,2288,越秀区,,,
2291,2288,海珠区,,,
2292,2288,天河区,,,
2293,2288,白云区,,,
2294,2288,黄埔区,,,
2295,2288,番禺区,,,
2296,2288,花都区,,,
2297,2288,南沙区,,,
2298,2288,萝岗区,,,
2299,2288,增城市,,,
2300,2288,从化市,,,
2301,2238,韶关市,,,
2302,2301,武江区,,,
2303,2301,浈江区,,,
2304,2301,曲江区,,,
2305,2301,始兴县,,,
2306,2301,仁化县,,,
2307,2301,翁源县,,,
2308,2301,乳源瑶族自治县,,,
2309,2301,新丰县,,,
2310,2301,乐昌市,,,
2311,2301,南雄市,,,
2312,2238,深圳市,,,
2313,2312,罗湖区,,,
2314,2312,福田区,,,
2315,2312,南山区,,,
2316,2312,宝安区,,,
2317,2312,龙岗区,,,
2318,2312,盐田区,,,
2319,2238,珠海市,,,
2320,2319,香洲区,,,
2321,2319,斗门区,,,
2322,2319,金湾区,,,
2323,2238,汕头市,,,
2324,2323,龙湖区,,,
2325,2323,金平区,,,
2326,2323,濠江区,,,
2327,2323,潮阳区,,,
2328,2323,潮南区,,,
2329,2323,澄海区,,,
2330,2323,南澳县,,,
2331,2238,佛山市,,,
2332,2331,禅城区,,,
2333,2331,南海区,,,
2334,2331,顺德区,,,
2335,2331,三水区,,,
2336,2331,高明区,,,
2337,2238,江门市,,,
2338,2337,蓬江区,,,
2339,2337,江海区,,,
2340,2337,新会区,,,
2341,2337,台山市,,,
2342,2337,开平市,,,
2343,2337,鹤山市,,,
2344,2337,恩平市,,,
2345,2238,湛江市,,,
2346,2345,赤坎区,,,
2347,2345,霞山区,,,
2348,2345,坡头区,,,
2349,2345,麻章区,,,
2350,2345,遂溪县,,,
2351,2345,徐闻县,,,
2352,2345,廉江市,,,
2353,2345,雷州市,,,
2354,2345,吴川市,,,
2355,2238,茂名市,,,
2356,2355,茂南区,,,
2357,2355,茂港区,,,
2358,2355,电白县,,,
2359,2355,高州市,,,
2360,2355,化州市,,,
2361,2355,信宜市,,,
2362,2238,肇庆市,,,
2363,2362,端州区,,,
2364,2362,鼎湖区,,,
2365,2362,广宁县,,,
2366,2362,怀集县,,,
2367,2362,封开县,,,
2368,2362,德庆县,,,
2369,2362,高要市,,,
2370,2362,四会市,,,
2371,2238,云浮市,,,
2372,2371,云城区,,,
2373,2371,新兴县,,,
2374,2371,郁南县,,,
2375,2371,云安县,,,
2376,2371,罗定市,,,
2377,2238,惠州市,,,
2378,2377,惠城区,,,
2379,2377,惠阳区,,,
2380,2377,博罗县,,,
2381,2377,惠东县,,,
2382,2377,龙门县,,,
2383,1,浙江,,,
2384,2383,杭州市,,,
2385,2384,上城区,,,
2386,2384,下城区,,,
2387,2384,江干区,,,
2388,2384,拱墅区,,,
2389,2384,西湖区,,,
2390,2384,滨江区,,,
2391,2384,萧山区,,,
2392,2384,余杭区,,,
2393,2384,桐庐县,,,
2394,2384,淳安县,,,
2395,2384,建德市,,,
2396,2384,富阳市,,,
2397,2384,临安市,,,
2398,2383,宁波市,,,
2399,2398,海曙区,,,
2400,2398,江东区,,,
2401,2398,江北区,,,
2402,2398,北仑区,,,
2403,2398,镇海区,,,
2404,2398,鄞州区,,,
2405,2398,象山县,,,
2406,2398,宁海县,,,
2407,2398,余姚市,,,
2408,2398,慈溪市,,,
2409,2398,奉化市,,,
2410,2383,温州市,,,
2411,2410,鹿城区,,,
2412,2410,龙湾区,,,
2413,2410,瓯海区,,,
2414,2410,洞头县,,,
2415,2410,永嘉县,,,
2416,2410,平阳县,,,
2417,2410,苍南县,,,
2418,2410,文成县,,,
2419,2410,泰顺县,,,
2420,2410,瑞安市,,,
2421,2410,乐清市,,,
2422,2383,嘉兴市,,,
2423,2422,南湖区,,,
2424,2422,秀洲区,,,
2425,2422,嘉善县,,,
2426,2422,海盐县,,,
2427,2422,海宁市,,,
2428,2422,平湖市,,,
2429,2422,桐乡市,,,
2430,2383,湖州市,,,
2431,2430,吴兴区,,,
2432,2430,南浔区,,,
2433,2430,德清县,,,
2434,2430,长兴县,,,
2435,2430,安吉县,,,
2436,2383,绍兴市,,,
2437,2436,越城区,,,
2438,2436,绍兴县,,,
2439,2436,新昌县,,,
2440,2436,诸暨市,,,
2441,2436,上虞市,,,
2442,2436,嵊州市,,,
2443,2383,金华市,,,
2444,2443,婺城区,,,
2445,2443,金东区,,,
2446,2443,武义县,,,
2447,2443,浦江县,,,
2448,2443,磐安县,,,
2449,2443,兰溪市,,,
2450,2443,义乌市,,,
2451,2443,东阳市,,,
2452,2443,永康市,,,
2453,2383,衢州市,,,
2454,2453,柯城区,,,
2455,2453,衢江区,,,
2456,2453,常山县,,,
2457,2453,开化县,,,
2458,2453,龙游县,,,
2459,2453,江山市,,,
2460,2383,舟山市,,,
2461,2460,定海区,,,
2462,2460,普陀区,,,
2463,2460,岱山县,,,
2464,2460,嵊泗县,,,
2465,2383,台州市,,,
2466,2465,椒江区,,,
2467,2465,黄岩区,,,
2468,2465,路桥区,,,
2469,2465,玉环县,,,
2470,2465,三门县,,,
2471,2465,天台县,,,
2472,2465,仙居县,,,
2473,2465,温岭市,,,
2474,2465,临海市,,,
2475,2383,丽水市,,,
2476,2475,莲都区,,,
2477,2475,青田县,,,
2478,2475,缙云县,,,
2479,2475,遂昌县,,,
2480,2475,松阳县,,,
2481,2475,云和县,,,
2482,2475,庆元县,,,
2483,2475,景宁畲族自治县,,,
2484,2475,龙泉市,,,
2485,1,湖南,,,
2486,2485,怀化市,,,
2487,2486,鹤城区,,,
2488,2486,中方县,,,
2489,2486,沅陵县,,,
2490,2486,辰溪县,,,
2491,2486,溆浦县,,,
2492,2486,会同县,,,
2493,2486,麻阳苗族自治县,,,
2494,2486,新晃侗族自治县,,,
2495,2486,芷江侗族自治县,,,
2496,2486,靖州苗族侗族自治县,,,
2497,2486,通道侗族自治县,,,
2498,2486,洪江市,,,
2499,2485,娄底市,,,
2500,2499,娄星区,,,
2501,2499,双峰县,,,
2502,2499,新化县,,,
2503,2499,冷水江市,,,
2504,2499,涟源市,,,
2505,2485,湘西土家族苗族自治州,,,
2506,2505,吉首市,,,
2507,2505,泸溪县,,,
2508,2505,凤凰县,,,
2509,2505,花垣县,,,
2510,2505,保靖县,,,
2511,2505,古丈县,,,
2512,2505,永顺县,,,
2513,2505,龙山县,,,
2514,2485,长沙市,,,
2515,2514,芙蓉区,,,
2516,2514,天心区,,,
2517,2514,岳麓区,,,
2518,2514,开福区,,,
2519,2514,雨花区,,,
2520,2514,长沙县,,,
2521,2514,望城县,,,
2522,2514,宁乡县,,,
2523,2514,浏阳市,,,
2524,2485,株洲市,,,
2525,2524,荷塘区,,,
2526,2524,芦淞区,,,
2527,2524,石峰区,,,
2528,2524,天元区,,,
2529,2524,株洲县,,,
2530,2524,攸县,,,
2531,2524,茶陵县,,,
2532,2524,炎陵县,,,
2533,2524,醴陵市,,,
2534,2485,湘潭市,,,
2535,2534,雨湖区,,,
2536,2534,岳塘区,,,
2537,2534,湘潭县,,,
2538,2534,湘乡市,,,
2539,2534,韶山市,,,
2540,2485,衡阳市,,,
2541,2540,珠晖区,,,
2542,2540,雁峰区,,,
2543,2540,石鼓区,,,
2544,2540,蒸湘区,,,
2545,2540,南岳区,,,
2546,2540,衡阳县,,,
2547,2540,衡南县,,,
2548,2540,衡山县,,,
2549,2540,衡东县,,,
2550,2540,祁东县,,,
2551,2540,耒阳市,,,
2552,2540,常宁市,,,
2553,2485,邵阳市,,,
2554,2553,双清区,,,
2555,2553,大祥区,,,
2556,2553,北塔区,,,
2557,2553,邵东县,,,
2558,2553,新邵县,,,
2559,2553,邵阳县,,,
2560,2553,隆回县,,,
2561,2553,洞口县,,,
2562,2553,绥宁县,,,
2563,2553,新宁县,,,
2564,2553,城步苗族自治县,,,
2565,2553,武冈市,,,
2566,2485,岳阳市,,,
2567,2566,岳阳楼区,,,
2568,2566,云溪区,,,
2569,2566,君山区,,,
2570,2566,岳阳县,,,
2571,2566,华容县,,,
2572,2566,湘阴县,,,
2573,2566,平江县,,,
2574,2566,汨罗市,,,
2575,2566,临湘市,,,
2576,2485,常德市,,,
2577,2576,武陵区,,,
2578,2576,鼎城区,,,
2579,2576,安乡县,,,
2580,2576,汉寿县,,,
2581,2576,澧县,,,
2582,2576,临澧县,,,
2583,2576,桃源县,,,
2584,2576,石门县,,,
2585,2576,津市市,,,
2586,2485,张家界市,,,
2587,2586,永定区,,,
2588,2586,武陵源区,,,
2589,2586,慈利县,,,
2590,2586,桑植县,,,
2591,2485,益阳市,,,
2592,2591,资阳区,,,
2593,2591,赫山区,,,
2594,2591,南县,,,
2595,2591,桃江县,,,
2596,2591,安化县,,,
2597,2591,沅江市,,,
2598,2485,郴州市,,,
2599,2598,北湖区,,,
2600,2598,苏仙区,,,
2601,2598,桂阳县,,,
2602,2598,宜章县,,,
2603,2598,永兴县,,,
2604,2598,嘉禾县,,,
2605,2598,临武县,,,
2606,2598,汝城县,,,
2607,2598,桂东县,,,
2608,2598,安仁县,,,
2609,2598,资兴市,,,
2610,2485,永州市,,,
2611,2610,零陵区,,,
2612,2610,冷水滩区,,,
2613,2610,祁阳县,,,
2614,2610,东安县,,,
2615,2610,双牌县,,,
2616,2610,道县,,,
2617,2610,江永县,,,
2618,2610,宁远县,,,
2619,2610,蓝山县,,,
2620,2610,新田县,,,
2621,2610,江华瑶族自治县,,,
2622,1,四川,,,
2623,2622,眉山市,,,
2624,2623,东坡区,,,
2625,2623,仁寿县,,,
2626,2623,彭山县,,,
2627,2623,洪雅县,,,
2628,2623,丹棱县,,,
2629,2623,青神县,,,
2630,2622,宜宾市,,,
2631,2630,翠屏区,,,
2632,2630,宜宾县,,,
2633,2630,南溪县,,,
2634,2630,江安县,,,
2635,2630,长宁县,,,
2636,2630,高县,,,
2637,2630,珙县,,,
2638,2630,筠连县,,,
2639,2630,兴文县,,,
2640,2630,屏山县,,,
2641,2622,广安市,,,
2642,2641,广安区,,,
2643,2641,岳池县,,,
2644,2641,武胜县,,,
2645,2641,邻水县,,,
2646,2641,华蓥市,,,
2647,2622,达州市,,,
2648,2647,通川区,,,
2649,2647,达县,,,
2650,2647,宣汉县,,,
2651,2647,开江县,,,
2652,2647,大竹县,,,
2653,2647,渠县,,,
2654,2647,万源市,,,
2655,2622,雅安市,,,
2656,2655,雨城区,,,
2657,2655,名山县,,,
2658,2655,荥经县,,,
2659,2655,汉源县,,,
2660,2655,石棉县,,,
2661,2655,天全县,,,
2662,2655,芦山县,,,
2663,2655,宝兴县,,,
2664,2622,巴中市,,,
2665,2664,巴州区,,,
2666,2664,通江县,,,
2667,2664,南江县,,,
2668,2664,平昌县,,,
2669,2622,资阳市,,,
2670,2669,雁江区,,,
2671,2669,安岳县,,,
2672,2669,乐至县,,,
2673,2669,简阳市,,,
2674,2622,阿坝藏族羌族自治州,,,
2675,2674,汶川县,,,
2676,2674,理县,,,
2677,2674,茂县,,,
2678,2674,松潘县,,,
2679,2674,九寨沟县,,,
2680,2674,九寨沟县,,,
2681,2674,小金县,,,
2682,2674,黑水县,,,
2683,2674,马尔康县,,,
2684,2674,壤塘县,,,
2685,2674,阿坝县,,,
2686,2674,若尔盖县,,,
2687,2674,红原县,,,
2688,2622,甘孜藏族自治州,,,
2689,2688,康定县,,,
2690,2688,泸定县,,,
2691,2688,丹巴县,,,
2692,2688,九龙县,,,
2693,2688,雅江县,,,
2694,2688,道孚县,,,
2695,2688,炉霍县,,,
2696,2688,甘孜县,,,
2697,2688,新龙县,,,
2698,2688,德格县,,,
2699,2688,白玉县,,,
2700,2688,石渠县,,,
2701,2688,色达县,,,
2702,2688,理塘县,,,
2703,2688,巴塘县,,,
2704,2688,乡城县,,,
2705,2688,稻城县,,,
2706,2688,得荣县,,,
2707,2622,成都市,,,
2708,2707,锦江区,,,
2709,2707,青羊区,,,
2710,2707,金牛区,,,
2711,2707,武侯区,,,
2712,2707,成华区,,,
2713,2707,龙泉驿区,,,
2714,2707,青白江区,,,
2715,2707,新都区,,,
2716,2707,温江区,,,
2717,2707,金堂县,,,
2718,2707,双流县,,,
2719,2707,郫县,,,
2720,2707,大邑县,,,
2721,2707,蒲江县,,,
2722,2707,新津县,,,
2723,2707,都江堰市,,,
2724,2707,彭州市,,,
2725,2707,邛崃市,,,
2726,2707,崇州市,,,
2727,2622,自贡市,,,
2728,2727,自流井区,,,
2729,2727,贡井区,,,
2730,2727,大安区,,,
2731,2727,沿滩区,,,
2732,2727,荣县,,,
2733,2727,富顺县,,,
2734,2622,攀枝花市,,,
2735,2734,东区,,,
2736,2734,西区,,,
2737,2734,仁和区,,,
2738,2734,米易县,,,
2739,2734,盐边县,,,
2740,2622,泸州市,,,
2741,2740,江阳区,,,
2742,2740,纳溪区,,,
2743,2740,龙马潭区,,,
2744,2740,泸县,,,
2745,2740,合江县,,,
2746,2740,叙永县,,,
2747,2740,古蔺县,,,
2748,2622,德阳市,,,
2749,2748,旌阳区,,,
2750,2748,中江县,,,
2751,2748,罗江县,,,
2752,2748,广汉市,,,
2753,2748,什邡市,,,
2754,2748,绵竹市,,,
2755,2622,绵阳市,,,
2756,2755,涪城区,,,
2757,2755,游仙区,,,
2758,2755,三台县,,,
2759,2755,盐亭县,,,
2760,2755,安县,,,
2761,2755,梓潼县,,,
2762,2755,北川羌族自治县,,,
2763,2755,平武县,,,
2764,2755,江油市,,,
2765,2622,广元市,,,
2766,2765,市中区,,,
2767,2765,元坝区,,,
2768,2765,朝天区,,,
2769,2765,旺苍县,,,
2770,2765,青川县,,,
2771,2765,剑阁县,,,
2772,2765,苍溪县,,,
2773,2622,遂宁市,,,
2774,2773,船山区,,,
2775,2773,安居区,,,
2776,2773,蓬溪县,,,
2777,2773,射洪县,,,
2778,2773,大英县,,,
2779,2622,内江市,,,
2780,2779,市中区,,,
2781,2779,东兴区,,,
2782,2779,威远县,,,
2783,2779,资中县,,,
2784,2779,隆昌县,,,
2785,2622,乐山市,,,
2786,2785,市中区,,,
2787,2785,沙湾区,,,
2788,2785,五通桥区,,,
2789,2785,金口河区,,,
2790,2785,犍为县,,,
2791,2785,井研县,,,
2792,2785,夹江县,,,
2793,2785,沐川县,,,
2794,2785,峨边彝族自治县,,,
2795,2785,马边彝族自治县,,,
2796,2785,峨眉山市,,,
2797,2622,凉山彝族自治州,,,
2798,2797,西昌市,,,
2799,2797,木里藏族自治县,,,
2800,2797,盐源县,,,
2801,2797,德昌县,,,
2802,2797,会理县,,,
2803,2797,会东县,,,
2804,2797,宁南县,,,
2805,2797,普格县,,,
2806,2797,布拖县,,,
2807,2797,金阳县,,,
2808,2797,昭觉县,,,
2809,2797,喜德县,,,
2810,2797,冕宁县,,,
2811,2797,越西县,,,
2812,2797,甘洛县,,,
2813,2797,美姑县,,,
2814,2797,雷波县,,,
2815,2622,南充市,,,
2816,2815,顺庆区,,,
2817,2815,高坪区,,,
2818,2815,嘉陵区,,,
2819,2815,南部县,,,
2820,2815,营山县,,,
2821,2815,蓬安县,,,
2822,2815,仪陇县,,,
2823,2815,西充县,,,
2824,2815,阆中市,,,
2825,1,天津,,,
2826,2825,天津市,,,
2827,2826,和平区,,,
2828,2826,河东区,,,
2829,2826,河西区,,,
2830,2826,南开区,,,
2831,2826,河北区,,,
2832,2826,红桥区,,,
2833,2826,塘沽区,,,
2834,2826,汉沽区,,,
2835,2826,大港区,,,
2836,2826,东丽区,,,
2837,2826,西青区,,,
2838,2826,津南区,,,
2839,2826,北辰区,,,
2840,2826,武清区,,,
2841,2826,宝坻区,,,
2842,2826,宁河县,,,
2843,2826,静海县,,,
2844,2826,蓟县,,,
2845,1,重庆,,,
2846,2845,重庆市,,,
2847,2846,万州区,,,
2848,2846,涪陵区,,,
2849,2846,渝中区,,,
2850,2846,大渡口区,,,
2851,2846,江北区,,,
2852,2846,沙坪坝区,,,
2853,2846,九龙坡区,,,
2854,2846,南岸区,,,
2855,2846,北碚区,,,
2856,2846,万盛区,,,
2857,2846,双桥区,,,
2858,2846,渝北区,,,
2859,2846,巴南区,,,
2860,2846,黔江区,,,
2861,2846,长寿区,,,
2862,2846,江津区,,,
2863,2846,合川区,,,
2864,2846,永川区,,,
2865,2846,南川区,,,
2866,2846,綦江县,,,
2867,2846,潼南县,,,
2868,2846,铜梁县,,,
2869,2846,大足县,,,
2870,2846,荣昌县,,,
2871,2846,璧山县,,,
2872,2846,梁平县,,,
2873,2846,城口县,,,
2874,2846,丰都县,,,
2875,2846,垫江县,,,
2876,2846,武隆县,,,
2877,2846,忠县,,,
2878,2846,开县,,,
2879,2846,云阳县,,,
2880,2846,奉节县,,,
2881,2846,巫山县,,,
2882,2846,巫溪县,,,
2883,2846,石柱土家族自治县,,,
2884,2846,秀山土家族苗族自治县,,,
2885,2846,酉阳土家族苗族自治县,,,
2886,2846,彭水苗族土家族自治县,,,
2887,1,河北,,,
2888,2887,石家庄市,,,
2889,2888,长安区,,,
2890,2888,桥东区,,,
2891,2888,桥西区,,,
2892,2888,新华区,,,
2893,2888,井陉矿区,,,
2894,2888,裕华区,,,
2895,2888,井陉县,,,
2896,2888,正定县,,,
2897,2888,栾城县,,,
2898,2888,行唐县,,,
2899,2888,灵寿县,,,
2900,2888,高邑县,,,
2901,2888,深泽县,,,
2902,2888,赞皇县,,,
2903,2888,无极县,,,
2904,2888,平山县,,,
2905,2888,元氏县,,,
2906,2888,赵县,,,
2907,2888,辛集市,,,
2908,2888,藁城市,,,
2909,2888,晋州市,,,
2910,2888,新乐市,,,
2911,2888,鹿泉市,,,
2912,2887,唐山市,,,
2913,2912,路南区,,,
2914,2912,路北区,,,
2915,2912,古冶区,,,
2916,2912,开平区,,,
2917,2912,丰南区,,,
2918,2912,丰润区,,,
2919,2912,滦县,,,
2920,2912,滦南县,,,
2921,2912,乐亭县,,,
2922,2912,迁西县,,,
2923,2912,玉田县,,,
2924,2912,唐海县,,,
2925,2912,遵化市,,,
2926,2912,迁安市,,,
2927,2887,秦皇岛市,,,
2928,2927,海港区,,,
2929,2927,山海关区,,,
2930,2927,北戴河区,,,
2931,2927,青龙满族自治县,,,
2932,2927,昌黎县,,,
2933,2927,抚宁县,,,
2934,2927,卢龙县,,,
2935,2887,邯郸市,,,
2936,2935,邯山区,,,
2937,2935,丛台区,,,
2938,2935,复兴区,,,
2939,2935,峰峰矿区,,,
2940,2935,邯郸县,,,
2941,2935,临漳县,,,
2942,2935,成安县,,,
2943,2935,大名县,,,
2944,2935,涉县,,,
2945,2935,磁县,,,
2946,2935,肥乡县,,,
2947,2935,永年县,,,
2948,2935,邱县,,,
2949,2935,鸡泽县,,,
2950,2935,广平县,,,
2951,2935,馆陶县,,,
2952,2935,魏县,,,
2953,2935,曲周县,,,
2954,2935,武安市,,,
2955,2887,邢台市,,,
2956,2955,桥东区,,,
2957,2955,桥西区,,,
2958,2955,邢台县,,,
2959,2955,临城县,,,
2960,2955,内丘县,,,
2961,2955,柏乡县,,,
2962,2955,隆尧县,,,
2963,2955,任县,,,
2964,2955,南和县,,,
2965,2955,宁晋县,,,
2966,2955,巨鹿县,,,
2967,2955,新河县,,,
2968,2955,广宗县,,,
2969,2955,平乡县,,,
2970,2955,威县,,,
2971,2955,清河县,,,
2972,2955,临西县,,,
2973,2955,南宫市,,,
2974,2955,沙河市,,,
2975,2887,保定市,,,
2976,2975,新市区,,,
2977,2975,北市区,,,
2978,2975,南市区,,,
2979,2975,满城县,,,
2980,2975,清苑县,,,
2981,2975,涞水县,,,
2982,2975,阜平县,,,
2983,2975,徐水县,,,
2984,2975,定兴县,,,
2985,2975,唐县,,,
2986,2975,高阳县,,,
2987,2975,容城县,,,
2988,2975,涞源县,,,
2989,2975,望都县,,,
2990,2975,安新县,,,
2991,2975,易县,,,
2992,2975,曲阳县,,,
2993,2975,蠡县,,,
2994,2975,顺平县,,,
2995,2975,博野县,,,
2996,2975,雄县,,,
2997,2975,涿州市,,,
2998,2975,定州市,,,
2999,2975,安国市,,,
3000,2975,高碑店市,,,
3001,2887,张家口市,,,
3002,3001,桥东区,,,
3003,3001,桥西区,,,
3004,3001,宣化区,,,
3005,3001,下花园区,,,
3006,3001,宣化县,,,
3007,3001,张北县,,,
3008,3001,康保县,,,
3009,3001,沽源县,,,
3010,3001,尚义县,,,
3011,3001,蔚县,,,
3012,3001,阳原县,,,
3013,3001,怀安县,,,
3014,3001,万全县,,,
3015,3001,怀来县,,,
3016,3001,涿鹿县,,,
3017,3001,赤城县,,,
3018,3001,崇礼县,,,
3019,2887,承德市,,,
3020,3019,双桥区,,,
3021,3019,双滦区,,,
3022,3019,鹰手营子矿区,,,
3023,3019,承德县,,,
3024,3019,兴隆县,,,
3025,3019,平泉县,,,
3026,3019,滦平县,,,
3027,3019,隆化县,,,
3028,3019,丰宁满族自治县,,,
3029,3019,宽城满族自治县,,,
3030,3019,围场满族蒙古族自治县,,,
3031,2887,沧州市,,,
3032,3031,新华区,,,
3033,3031,运河区,,,
3034,3031,沧县,,,
3035,3031,青县,,,
3036,3031,东光县,,,
3037,3031,海兴县,,,
3038,3031,盐山县,,,
3039,3031,肃宁县,,,
3040,3031,南皮县,,,
3041,3031,吴桥县,,,
3042,3031,献县,,,
3043,3031,孟村回族自治县,,,
3044,3031,泊头市,,,
3045,3031,任丘市,,,
3046,3031,黄骅市,,,
3047,3031,河间市,,,
3048,2887,廊坊市,,,
3049,3048,安次区,,,
3050,3048,广阳区,,,
3051,3048,固安县,,,
3052,3048,永清县,,,
3053,3048,香河县,,,
3054,3048,大城县,,,
3055,3048,文安县,,,
3056,3048,大厂回族自治县,,,
3057,3048,霸州市,,,
3058,3048,三河市,,,
3059,2887,衡水市,,,
3060,3059,桃城区,,,
3061,3059,枣强县,,,
3062,3059,武邑县,,,
3063,3059,武强县,,,
3064,3059,饶阳县,,,
3065,3059,安平县,,,
3066,3059,故城县,,,
3067,3059,景县,,,
3068,3059,阜城县,,,
3069,3059,冀州市,,,
3070,3059,深州市,,,
3071,1,湖北,,,
3072,3071,随州市,,,
3073,3072,曾都区,,,
3074,3072,广水市,,,
3075,3071,恩施土家族苗族自治州,,,
3076,3075,恩施市,,,
3077,3075,利川市,,,
3078,3075,建始县,,,
3079,3075,巴东县,,,
3080,3075,宣恩县,,,
3081,3075,咸丰县,,,
3082,3075,来凤县,,,
3083,3075,鹤峰县,,,
3084,3071,仙桃市,,,
3085,3084,仙桃市,,,
3086,3071,潜江市,,,
3087,3086,潜江市,,,
3088,3071,天门市,,,
3089,3088,天门市,,,
3090,3071,神农架林区,,,
3091,3090,神农架林区,,,
3092,3071,武汉市,,,
3093,3092,江岸区,,,
3094,3092,江汉区,,,
3095,3092,硚口区,,,
3096,3092,汉阳区,,,
3097,3092,武昌区,,,
3098,3092,青山区,,,
3099,3092,洪山区,,,
3100,3092,东西湖区,,,
3101,3092,汉南区,,,
3102,3092,蔡甸区,,,
3103,3092,江夏区,,,
3104,3092,黄陂区,,,
3105,3092,新洲区,,,
3106,3071,黄石市,,,
3107,3106,黄石港区,,,
3108,3106,西塞山区,,,
3109,3106,下陆区,,,
3110,3106,铁山区,,,
3111,3106,阳新县,,,
3112,3106,大冶市,,,
3113,3071,十堰市,,,
3114,3113,茅箭区,,,
3115,3113,张湾区,,,
3116,3113,郧县,,,
3117,3113,郧西县,,,
3118,3113,竹山县,,,
3119,3113,竹溪县,,,
3120,3113,房县,,,
3121,3113,丹江口市,,,
3122,3071,宜昌市,,,
3123,3122,西陵区,,,
3124,3122,伍家岗区,,,
3125,3122,点军区,,,
3126,3122,猇亭区,,,
3127,3122,夷陵区,,,
3128,3122,远安县,,,
3129,3122,兴山县,,,
3130,3122,秭归县,,,
3131,3122,长阳土家族自治县,,,
3132,3122,五峰土家族自治县,,,
3133,3122,宜都市,,,
3134,3122,当阳市,,,
3135,3122,枝江市,,,
3136,3071,襄樊市,,,
3137,3136,襄城区,,,
3138,3136,樊城区,,,
3139,3136,襄阳区,,,
3140,3136,南漳县,,,
3141,3136,谷城县,,,
3142,3136,保康县,,,
3143,3136,老河口市,,,
3144,3136,枣阳市,,,
3145,3136,宜城市,,,
3146,3071,鄂州市,,,
3147,3146,梁子湖区,,,
3148,3146,华容区,,,
3149,3146,鄂城区,,,
3150,3071,荆门市,,,
3151,3150,东宝区,,,
3152,3150,掇刀区,,,
3153,3150,京山县,,,
3154,3150,沙洋县,,,
3155,3150,钟祥市,,,
3156,3071,孝感市,,,
3157,3156,孝南区,,,
3158,3156,孝昌县,,,
3159,3156,大悟县,,,
3160,3156,云梦县,,,
3161,3156,应城市,,,
3162,3156,安陆市,,,
3163,3156,汉川市,,,
3164,3071,荆州市,,,
3165,3164,沙市区,,,
3166,3164,荆州区,,,
3167,3164,公安县,,,
3168,3164,监利县,,,
3169,3164,江陵县,,,
3170,3164,石首市,,,
3171,3164,洪湖市,,,
3172,3164,松滋市,,,
3173,3071,黄冈市,,,
3174,3173,黄州区,,,
3175,3173,团风县,,,
3176,3173,红安县,,,
3177,3173,罗田县,,,
3178,3173,英山县,,,
3179,3173,浠水县,,,
3180,3173,蕲春县,,,
3181,3173,黄梅县,,,
3182,3173,麻城市,,,
3183,3173,武穴市,,,
3184,3071,咸宁市,,,
3185,3184,咸安区,,,
3186,3184,嘉鱼县,,,
3187,3184,通城县,,,
3188,3184,崇阳县,,,
3189,3184,通山县,,,
3190,3184,赤壁市,,,
3191,1,广西,,,
3192,3191,河池市,,,
3193,3192,金城江区,,,
3194,3192,南丹县,,,
3195,3192,天峨县,,,
3196,3192,凤山县,,,
3197,3192,东兰县,,,
3198,3192,罗城仫佬族自治县,,,
3199,3192,环江毛南族自治县,,,
3200,3192,巴马瑶族自治县,,,
3201,3192,都安瑶族自治县,,,
3202,3192,大化瑶族自治县,,,
3203,3192,宜州市,,,
3204,3191,来宾市,,,
3205,3204,兴宾区,,,
3206,3204,忻城县,,,
3207,3204,象州县,,,
3208,3204,武宣县,,,
3209,3204,金秀瑶族自治县,,,
3210,3204,合山市,,,
3211,3191,崇左市,,,
3212,3211,江洲区,,,
3213,3211,扶绥县,,,
3214,3211,宁明县,,,
3215,3211,龙州县,,,
3216,3211,大新县,,,
3217,3211,天等县,,,
3218,3211,凭祥市,,,
3219,3191,南宁市,,,
3220,3219,兴宁区,,,
3221,3219,青秀区,,,
3222,3219,江南区,,,
3223,3219,西乡塘区,,,
3224,3219,良庆区,,,
3225,3219,邕宁区,,,
3226,3219,武鸣县,,,
3227,3219,隆安县,,,
3228,3219,马山县,,,
3229,3219,上林县,,,
3230,3219,宾阳县,,,
3231,3219,横县,,,
3232,3191,柳州市,,,
3233,3232,城中区,,,
3234,3232,鱼峰区,,,
3235,3232,柳南区,,,
3236,3232,柳北区,,,
3237,3232,柳江县,,,
3238,3232,柳城县,,,
3239,3232,鹿寨县,,,
3240,3232,融安县,,,
3241,3232,融水苗族自治县,,,
3242,3232,三江侗族自治县,,,
3243,3191,桂林市,,,
3244,3243,秀峰区,,,
3245,3243,叠彩区,,,
3246,3243,象山区,,,
3247,3243,七星区,,,
3248,3243,雁山区,,,
3249,3243,阳朔县,,,
3250,3243,临桂县,,,
3251,3243,灵川县,,,
3252,3243,全州县,,,
3253,3243,兴安县,,,
3254,3243,永福县,,,
3255,3243,灌阳县,,,
3256,3243,龙胜各族自治县,,,
3257,3243,资源县,,,
3258,3243,平乐县,,,
3259,3243,荔浦县,,,
3260,3243,恭城瑶族自治县,,,
3261,3191,梧州市,,,
3262,3261,万秀区,,,
3263,3261,蝶山区,,,
3264,3261,长洲区,,,
3265,3261,苍梧县,,,
3266,3261,藤县,,,
3267,3261,蒙山县,,,
3268,3261,岑溪市,,,
3269,3191,北海市,,,
3270,3269,海城区,,,
3271,3269,银海区,,,
3272,3269,铁山港区,,,
3273,3269,合浦县,,,
3274,3191,防城港市,,,
3275,3274,港口区,,,
3276,3274,防城区,,,
3277,3274,上思县,,,
3278,3274,东兴市,,,
3279,3191,钦州市,,,
3280,3279,钦南区,,,
3281,3279,钦北区,,,
3282,3279,灵山县,,,
3283,3279,浦北县,,,
3284,3191,贵港市,,,
3285,3284,港北区,,,
3286,3284,港南区,,,
3287,3284,覃塘区,,,
3288,3284,平南县,,,
3289,3284,桂平市,,,
3290,3191,玉林市,,,
3291,3290,玉州区,,,
3292,3290,容县,,,
3293,3290,陆川县,,,
3294,3290,博白县,,,
3295,3290,兴业县,,,
3296,3290,北流市,,,
3297,3191,百色市,,,
3298,3297,右江区,,,
3299,3297,田阳县,,,
3300,3297,田东县,,,
3301,3297,平果县,,,
3302,3297,德保县,,,
3303,3297,靖西县,,,
3304,3297,那坡县,,,
3305,3297,凌云县,,,
3306,3297,乐业县,,,
3307,3297,田林县,,,
3308,3297,西林县,,,
3309,3297,隆林各族自治县,,,
3310,3191,贺州市,,,
3311,3310,八步区,,,
3312,3310,昭平县,,,
3313,3310,钟山县,,,
3314,3310,富川瑶族自治县,,,